"print","n","roman","title","has_body","body_start","first_page","last_page","all_pages"
"Baldo_Cons_Print_Venice_1575_v1","1","PRIMVM","CONSILIVM PRIMVM.","1","IN Christi nomine.","0003.xml","0003.xml","0003.xml"
"Baldo_Cons_Print_Venice_1575_v1","2","II","CONSILIVM II.","1","In Christi nomine.","0003.xml","0004.xml","0003.xml; 0004.xml"
"Baldo_Cons_Print_Venice_1575_v1","3","III","CONSILIVM III.","1","In Christi nomine. Titius vendidit. Seio pro certo precio quoddam praedium, quod…","0004.xml","0004.xml","0004.xml"
"Baldo_Cons_Print_Venice_1575_v1","4","IIII","CONSILIVM IIII.","1","In Christi nomine.","0004.xml","0005.xml","0004.xml; 0005.xml"
"Baldo_Cons_Print_Venice_1575_v1","5","V","CONSILIVM V.","1","In Christi nomine.","0005.xml","0005.xml","0005.xml"
"Baldo_Cons_Print_Venice_1575_v1","6","VI","CONSILIVM VI.","1","In Christi nomine. Statuto ciuitatis Papiae dicit quod sint feriae messium, et v…","0005.xml","0006.xml","0005.xml; 0006.xml"
"Baldo_Cons_Print_Venice_1575_v1","7","VII","CONSILIVM. VII.","1","In Christi nomine.","0006.xml","0006.xml","0006.xml"
"Baldo_Cons_Print_Venice_1575_v1","8","VIII","CONSILIVM. VIII.","1","In Christi nomine. Erant quinque nobiles confortes cuiusdam fortissimę turris, q…","0006.xml","0006.xml","0006.xml"
"Baldo_Cons_Print_Venice_1575_v1","9","IX","CONSILIVM. IX.","1","In Christi nomine. Factum tale est. anno domini. M. 388. Reuerendus pater, domin…","0006.xml","0008.xml","0006.xml; 0007.xml; 0008.xml"
"Baldo_Cons_Print_Venice_1575_v1","10","X","CONSILIVM X.","1","In Christi nomine.","0009.xml","0009.xml","0009.xml"
"Baldo_Cons_Print_Venice_1575_v1","11","XI","CONSILIVM XI.","1","In Christi nomine.","0009.xml","0009.xml","0009.xml"
"Baldo_Cons_Print_Venice_1575_v1","12","XII","CONSILIVM XII.","1","In Christi nomine.","0009.xml","0010.xml","0009.xml; 0010.xml"
"Baldo_Cons_Print_Venice_1575_v1","13","XIII","CONSILIVM XIII.","1","In Christi nomine.","0011.xml","0011.xml","0011.xml"
"Baldo_Cons_Print_Venice_1575_v1","14","XIIII","CONSILIVM XIIII.","1","In Christi nomine.","0011.xml","0011.xml","0011.xml"
"Baldo_Cons_Print_Venice_1575_v1","15","XV","CONSILIVM XV.","1","In Christi nomine.","0011.xml","0012.xml","0011.xml; 0012.xml"
"Baldo_Cons_Print_Venice_1575_v1","16","XVI","CONSILIVM XVI.","1","In Christi nomine.","0012.xml","0013.xml","0012.xml; 0013.xml"
"Baldo_Cons_Print_Venice_1575_v1","17","XVII","CONSILIVM XVII.","1","In Christi nomine. Factum, super quae consilium ex exposcitur, tale est. Titius …","0013.xml","0013.xml","0013.xml"
"Baldo_Cons_Print_Venice_1575_v1","18","XVII","CONSILIVM XVII.","1","In Christi nomine.","0013.xml","0014.xml","0013.xml; 0014.xml"
"Baldo_Cons_Print_Venice_1575_v1","19","XIX","CONSILIVM XIX.","1","In Christi nomine. Casus est talis, tres sunt fratres, A. B. C. morantes, et viu…","0014.xml","0014.xml","0014.xml"
"Baldo_Cons_Print_Venice_1575_v1","20","XX","CONSILIVM XX.","1","In Christi nomine.","0014.xml","0015.xml","0014.xml; 0015.xml"
"Baldo_Cons_Print_Venice_1575_v1","21","XXI","CONSILIVM XXI.","1","In Christi Nomine. Amen.","0015.xml","0015.xml","0015.xml"
"Baldo_Cons_Print_Venice_1575_v1","22","XXII","CONSILIVM XXII.","1","In Christi Nomine Amen. Quidam fecit testamentum, in quo instituit fratres praed…","0015.xml","0016.xml","0015.xml; 0016.xml"
"Baldo_Cons_Print_Venice_1575_v1","23","XXIII","CONSILIVM XXIII.","1","In Christi Nomine Amen.","0016.xml","0016.xml","0016.xml"
"Baldo_Cons_Print_Venice_1575_v1","24","XXIIII","CONSILIVM XXIIII.","1","In Christi Nomine Amen.","0016.xml","0016.xml","0016.xml"
"Baldo_Cons_Print_Venice_1575_v1","25","XXV","CONSILIVM XXV.","1","In Christi Nomine Amen. In quaestione vertente inter do. Catherinam de Fulgeriis…","0016.xml","0018.xml","0016.xml; 0017.xml; 0018.xml"
"Baldo_Cons_Print_Venice_1575_v1","26","XXVI","CONSILIVM XXVI.","1","In Christi nomine. Dum lis, et quaestio verteretur coram domino Vicario episcopi…","0018.xml","0019.xml","0018.xml; 0019.xml"
"Baldo_Cons_Print_Venice_1575_v1","27","XXVII","CONSILIVM XXVII.","1","ex descriptione legis ff. de publicanis. l. quante. constat, quanta sit publican…","0019.xml","0019.xml","0019.xml"
"Baldo_Cons_Print_Venice_1575_v1","28","XXVIII","CONSILIVM XXVIII.","1","In Christi nomine. In quodam instrumento ita cauetur. ad instantiam Titij ibidem…","0019.xml","0020.xml","0019.xml; 0020.xml"
"Baldo_Cons_Print_Venice_1575_v1","29","XXIX","CONSILIVM XXIX.","1","In Christi nomine. Casus. vir donauit vxori prouentus quatuor milium librarum ia…","0020.xml","0022.xml","0020.xml; 0021.xml; 0022.xml"
"Baldo_Cons_Print_Venice_1575_v1","30","XXX","CONSILIVM XXX.","1","In Christi nomine. Praesupposito statuto, quod filia a patre dotata non succedat…","0022.xml","0023.xml","0022.xml; 0023.xml"
"Baldo_Cons_Print_Venice_1575_v1","31","XXXI","CONSILIVM XXXI.","1","In Christi nomine. Stat. ciui. Astensis cauetur, quod quilibet venditor, et empt…","0023.xml","0023.xml","0023.xml"
"Baldo_Cons_Print_Venice_1575_v1","32","XXXII","CONSILIVM XXXII.","1","In Christi nomine. Quidam nobilis habebat ius patronatus in ecclesia ędificata p…","0023.xml","0024.xml","0023.xml; 0024.xml"
"Baldo_Cons_Print_Venice_1575_v1","33","XXXIII","CONSILIVM XXXIII.","1","In Christi nomine. Verba instrumenti dictus Nicolinus fuit confessus habuisse, e…","0024.xml","0024.xml","0024.xml"
"Baldo_Cons_Print_Venice_1575_v1","34","XXXIIII","CONSILIVM. XXXIIII.","1","In Christi nomine. Casus talis est, Guido de publica inquisitus fuit per dominum…","0024.xml","0025.xml","0024.xml; 0025.xml"
"Baldo_Cons_Print_Venice_1575_v1","35","XXXV","CONSILIVM XXXV.","1","In Christi nomine.","0025.xml","0025.xml","0025.xml"
"Baldo_Cons_Print_Venice_1575_v1","36","XXXVI","CONSILIVM XXXVI.","1","In Christi nomine. Factum sic se habere videtur, quod quidam Bononius vendidit q…","0025.xml","0025.xml","0025.xml"
"Baldo_Cons_Print_Venice_1575_v1","37","XXXVII","CONSILIVM XXXVII.","1","In Christi nomine.","0025.xml","0026.xml","0025.xml; 0026.xml"
"Baldo_Cons_Print_Venice_1575_v1","38","XXXVIII","CONSILIVM XXXVIII.","1","In Christi nomine. Dominus thomas de Scarampis de Asten. tria quarteria loci mon…","0026.xml","0027.xml","0026.xml; 0027.xml"
"Baldo_Cons_Print_Venice_1575_v1","39","XXXIX","CONSILIVM XXXIX.","1","In Christi nomine. Testator habens vnicam filiam natam pupillam reliquit ei quin…","0027.xml","0028.xml","0027.xml; 0028.xml"
"Baldo_Cons_Print_Venice_1575_v1","40","XL","CONSILIVM XL.","1","In Christi nomine. Maritus ex delicto condemnatus cuidam extraneo in magna quant…","0028.xml","0029.xml","0028.xml; 0029.xml"
"Baldo_Cons_Print_Venice_1575_v1","41","XLI","CONSILIVM XLI.","1","In Christi nomine. Tres erant fratres omnium","0029.xml","0029.xml","0029.xml"
"Baldo_Cons_Print_Venice_1575_v1","42","XLII","CONSILIVM XLII.","1","In Christi nomine.","0029.xml","0029.xml","0029.xml"
"Baldo_Cons_Print_Venice_1575_v1","43","XLIII","CONSILIVM XLIII.","1","In Christi nomine. Quaedam scriptura cuiusdam tabellionis reperitur facta in fac…","0029.xml","0030.xml","0029.xml; 0030.xml"
"Baldo_Cons_Print_Venice_1575_v1","44","XLIIII","CONSILIVM XLIIII.","1","In Christi nomine. Dominus Bailardinus fauentibus dominis de la scala cępit tene…","0030.xml","0030.xml","0030.xml"
"Baldo_Cons_Print_Venice_1575_v1","45","XLV","CONSILIVM XLV.","1","In Christi nomine. Statuto Papiae cauetur. si quis dixerit verba iniuriosa dacia…","0030.xml","0030.xml","0030.xml"
"Baldo_Cons_Print_Venice_1575_v1","46","XLVI","CONSILIVM XLVI.","1","In Christi nomine. Verba institutionis sic dicunt, dominum Anastasium, Thiberuci…","0030.xml","0031.xml","0030.xml; 0031.xml"
"Baldo_Cons_Print_Venice_1575_v1","47","XLVII","Ad idem. CONSILIVM XLVII.","1","In Christi nomine. Casus talis est d. Andriolus de Calcagnis. quatuor habens fil…","0031.xml","0032.xml","0031.xml; 0032.xml"
"Baldo_Cons_Print_Venice_1575_v1","48","XLVIII","CONSILIVM XLVIII.","1","In Christi nomine. Inter cętera","0032.xml","0032.xml","0032.xml"
"Baldo_Cons_Print_Venice_1575_v1","49","XLIX","CONSILIVM XLIX.","1","In Christi nomine. In facto abbatis Sanctę Christine dico,","0032.xml","0032.xml","0032.xml"
"Baldo_Cons_Print_Venice_1575_v1","50","L","CONSILIVM L.","1","In Christi nomine. Secundus creditor habens ius offerendi priori, cum prior cred…","0032.xml","0033.xml","0032.xml; 0033.xml"
"Baldo_Cons_Print_Venice_1575_v1","51","LI","CONSILIVM LI.","1","In Christi nomine. Tutius vendidit sęio quoddam prędium proprecio centum libraru…","0033.xml","0033.xml","0033.xml"
"Baldo_Cons_Print_Venice_1575_v1","52","LII","CONSILIVM LII.","1","In Christi nomine. Casus talis est. statuto Ciuitatis cauetur quod nullus corpor…","0033.xml","0033.xml","0033.xml"
"Baldo_Cons_Print_Venice_1575_v1","53","LIII","CONSILIVM LIII.","1","In Christi nomine. Remanentibus in communione bonorum paternorum pupilla, et pat…","0033.xml","0034.xml","0033.xml; 0034.xml"
"Baldo_Cons_Print_Venice_1575_v1","54","LIIII","CONSILIVM LIIII.","1","In Christi nomine. Casus breuis, et arduus est iste, apparet quoddam instrumentu…","0034.xml","0035.xml","0034.xml; 0035.xml"
"Baldo_Cons_Print_Venice_1575_v1","55","LV","CONSILIVM LV","1","In Christi nomine. Reperitur quędam scriptura testificationis infrascripti tenor…","0035.xml","0036.xml","0035.xml; 0036.xml"
"Baldo_Cons_Print_Venice_1575_v1","56","LVI","CONSILIVM LVI.","1","In Christi nomine. Nutus Petrutioli de castro plebis suum solemniter condidit te…","0036.xml","0036.xml","0036.xml"
"Baldo_Cons_Print_Venice_1575_v1","57","LVII","CONSILIVM LVII.","1","In Christi nomine.","0036.xml","0036.xml","0036.xml"
"Baldo_Cons_Print_Venice_1575_v1","58","LVIII","CONSILIVM LVIII.","1","In Christi nomine. Punctus talis est, reperiuntur instrumenta condemnari, prout …","0036.xml","0040.xml","0036.xml; 0037.xml; 0038.xml; 0039.xml; 0040.xml"
"Baldo_Cons_Print_Venice_1575_v1","59","LIX","CONSILIVM LIX.","1","In Christi nomine. Licet eleganter pro, et contra sint inductae leges proprie ad…","0040.xml","0041.xml","0040.xml; 0041.xml"
"Baldo_Cons_Print_Venice_1575_v1","60","LX","CONSILIVM LX.","1","In Christi nomine, Viso testamento serIacobi de Csamario, in quo instituit sibi …","0041.xml","0041.xml","0041.xml"
"Baldo_Cons_Print_Venice_1575_v1","61","LXI","CONSILIVM LXI.","1","In Christi nomine.","0041.xml","0042.xml","0041.xml; 0042.xml"
"Baldo_Cons_Print_Venice_1575_v1","62","LXII","CONSILIVM LXII.","1","In Christi nomine.","0042.xml","0042.xml","0042.xml"
"Baldo_Cons_Print_Venice_1575_v1","63","LXIII","CONSILIVM LXIII.","1","In Dei nomine. Factum tale est d. Nic. herculani de nobilibus de castellio. stel…","0042.xml","0043.xml","0042.xml; 0043.xml"
"Baldo_Cons_Print_Venice_1575_v1","64","LXIIII","CONSILIVM LXIIII.","1","te petitionem poenę sed postea, nunquid ergo poena poterit cum effectu peti. Fid…","0043.xml","0044.xml","0043.xml; 0044.xml"
"Baldo_Cons_Print_Venice_1575_v1","65","LXV","CONSILIVM LXV.","1","In Christi nomine.","0044.xml","0044.xml","0044.xml"
"Baldo_Cons_Print_Venice_1575_v1","66","LXVI","CONSILIVM LXVI.","1","In Christi nomine.","0044.xml","0044.xml","0044.xml"
"Baldo_Cons_Print_Venice_1575_v1","67","LXVII","CONSILIVM LXVII.","1","In Christi nomine.","0044.xml","0045.xml","0044.xml; 0045.xml"
"Baldo_Cons_Print_Venice_1575_v1","68","LXVIII","CONSILIVM LXVIII.","1","† Quia statu. tria haIn Christi nomine. bet capita quantum ad propositum, vnum c…","0045.xml","0045.xml","0045.xml"
"Baldo_Cons_Print_Venice_1575_v1","68","LXVIII","CONSILIVM LXVIII.","1","In Christi nomine.","0045.xml","0046.xml","0045.xml; 0046.xml"
"Baldo_Cons_Print_Venice_1575_v1","69","LXIX","CONSILIVM LXIX.","1","In Christi nomine. Cum statu. ciuitatis Perusii dictabat quod si qua mulier fuer…","0046.xml","0048.xml","0046.xml; 0047.xml; 0048.xml"
"Baldo_Cons_Print_Venice_1575_v1","70","LXX","CONSILIVM LXX.","1","In Christi nomine. Apparent quędam instrumenta satis suspecta de simulatione cui…","0048.xml","0048.xml","0048.xml"
"Baldo_Cons_Print_Venice_1575_v1","71","LXXI","CONSILIVM LXXI.","1","In Christi nomine. Casus talis est. Commune, et homines de VillaFrancha ex vna p…","0048.xml","0049.xml","0048.xml; 0049.xml"
"Baldo_Cons_Print_Venice_1575_v1","72","LXXII","CONSILIVM LXXII.","1","In Christi nomine. Ad euidentiam pręmittendum est,","0049.xml","0050.xml","0049.xml; 0050.xml"
"Baldo_Cons_Print_Venice_1575_v1","73","LXXIII","CONSILIVM LXXIII.","1","In Christi nomine.","0050.xml","0050.xml","0050.xml"
"Baldo_Cons_Print_Venice_1575_v1","74","LXXIIII","CONSILIVM LXXIIII.","1","In Christi nomine. in lectura sua, quam inchoauit super digesto veteri in l. fil…","0050.xml","0050.xml","0050.xml"
"Baldo_Cons_Print_Venice_1575_v1","75","LXXV","CONSILIVM LXXV.","1","In Christi nomine.","0050.xml","0050.xml","0050.xml"
"Baldo_Cons_Print_Venice_1575_v1","76","LXXVI","CONSILIVM LXXVI.","1","In Christi nomine. Factum tale est, dominus Nicolinus de Riuola decessit condito…","0050.xml","0051.xml","0050.xml; 0051.xml"
"Baldo_Cons_Print_Venice_1575_v1","77","LXXVII","CONSILIVM LXXVII.","1","In Christi nomine. Quidam dominus Galeacius emit a magistro Franc. de surdis quo…","0051.xml","0051.xml","0051.xml"
"Baldo_Cons_Print_Venice_1575_v1","78","LXXVIII","CONSILIVM LXXVIII.","1","In Christi nomine. Duo sunt statuta in eadem ciuitate.","0051.xml","0052.xml","0051.xml; 0052.xml"
"Baldo_Cons_Print_Venice_1575_v1","79","LXXIX","CONSILIVM LXXIX.","1","In Christi nomine. Casus talis est, Zeno veniens ad mortem suum condidit testame…","0052.xml","0053.xml","0052.xml; 0053.xml"
"Baldo_Cons_Print_Venice_1575_v1","80","LXXX","CONSILIVM LXXX.","1","In Christi nomine.","0053.xml","0053.xml","0053.xml"
"Baldo_Cons_Print_Venice_1575_v1","81","LXXXI","CONSILIVM LXXXI.","1","In Christi nomine. Quidam Simoninus de ianua adhesit cui dam Catherinę de gente …","0053.xml","0053.xml","0053.xml"
"Baldo_Cons_Print_Venice_1575_v1","82","LXXXII","CONSILIVM LXXXII.","1","Adde etiam de materia consilium sequens. In Christi nomine. Factum proponitur, q…","0053.xml","0054.xml","0053.xml; 0054.xml"
"Baldo_Cons_Print_Venice_1575_v1","83","LXXXIII","CONSILIVM LXXXIII.","1","In Christi nomine.","0054.xml","0054.xml","0054.xml"
"Baldo_Cons_Print_Venice_1575_v1","84","LXXXIIII","CONSILIVM LXXXIIII.","1","In Christi nomine. Res prohibitę alienari extra masculinam prolem in perpetuum f…","0054.xml","0055.xml","0054.xml; 0055.xml"
"Baldo_Cons_Print_Venice_1575_v1","85","LXXXV","CONSILIVM LXXXV.","1","In Christi nomine.","0055.xml","0055.xml","0055.xml"
"Baldo_Cons_Print_Venice_1575_v1","86","LXXXVI","CONSILIVM LXXXVI.","1","In Christi nomine. Testator disposuit, quod si aliqua ex filiabus vidua remanere…","0055.xml","0055.xml","0055.xml"
"Baldo_Cons_Print_Venice_1575_v1","87","LXXXVII","CONSILIVM LXXXVII.","1","In Christi nomine. Patruus emit bona quaedam nomine communi quaedam proprio, qua…","0055.xml","0055.xml","0055.xml"
"Baldo_Cons_Print_Venice_1575_v1","88","LXXXVIII","CONSILIVM LXXXVIII.","1","In Christi nomine. Ex infelicitate fati mercator fallitus meruit quosdam ex cred…","0055.xml","0056.xml","0055.xml; 0056.xml"
"Baldo_Cons_Print_Venice_1575_v1","89","LXXXIX","CONSILIVM LXXXIX.","1","In Christi nomine. Do. tho. asma. antiquitus suum condidit testamentum, in quo i…","0056.xml","0057.xml","0056.xml; 0057.xml"
"Baldo_Cons_Print_Venice_1575_v1","90","XC","CONSILIVM XC.","1","In Christi nomine.","0057.xml","0057.xml","0057.xml"
"Baldo_Cons_Print_Venice_1575_v1","91","XCI","CONSILIVM XCI.","1","In Christi nomine.","0057.xml","0057.xml","0057.xml"
"Baldo_Cons_Print_Venice_1575_v1","92","XCII","CONSILIVM XCII.","1","In Christi nomine. Quaedam sententia fuit lata sub ista forma. et quia vidimus i…","0057.xml","0058.xml","0057.xml; 0058.xml"
"Baldo_Cons_Print_Venice_1575_v1","93","CXIII","CONSILIVM CXIII.","1","In Christi nomine. In quodam contractu venditionis fructuum, et prouentuum quoru…","0058.xml","0058.xml","0058.xml"
"Baldo_Cons_Print_Venice_1575_v1","94","XCIIII","CONSILIVM XCIIII.","1","† Vtrum maritus, In Christi nomine. qui supportat onera matrimonij, possit peter…","0058.xml","0058.xml","0058.xml"
"Baldo_Cons_Print_Venice_1575_v1","95","XCV","CONSILIVM XCV.","1","In Christi nomine. Regula iuris est,","0058.xml","0059.xml","0058.xml; 0059.xml"
"Baldo_Cons_Print_Venice_1575_v1","96","XCVI","CONSILIVM XCVI.","1","runt testes recepti et c. an tales testes valeant in alio iudicio, In Christi no…","0059.xml","0059.xml","0059.xml"
"Baldo_Cons_Print_Venice_1575_v1","97","XCVII","CONSILIVM XCVII.","1","In Christi nomine. diano de Ianua quęsiuit aliqua bona, non de pecunia communi, …","0060.xml","0060.xml","0060.xml"
"Baldo_Cons_Print_Venice_1575_v1","98","XCVIII","CONSILIVM XCVIII.","1","In Christi nomine. Betonus de couo habitator terrae de cadagnano, districtus Bri…","0060.xml","0061.xml","0060.xml; 0061.xml"
"Baldo_Cons_Print_Venice_1575_v1","99","XCX","CONSILIVM XCX.","1","In Christi nomine. Quidam Ioannolus fecit suum nuncupatiuum testamentum, de quo …","0061.xml","0061.xml","0061.xml"
"Baldo_Cons_Print_Venice_1575_v1","100","C","CONSILIVM C.","1","In Christi nomine. Egregie et honorande do. Mi cum quaedam sententia lata fuit p…","0061.xml","0061.xml","0061.xml"
"Baldo_Cons_Print_Venice_1575_v1","101","CI","CONSILIVM CI.","1","In Christi nomine. Quidam testes deposuerunt, quod quaedam strata erat sic destr…","0061.xml","0062.xml","0061.xml; 0062.xml"
"Baldo_Cons_Print_Venice_1575_v1","102","CII","CONSILIVM CII.","1","In Christi nomine.","0062.xml","0062.xml","0062.xml"
"Baldo_Cons_Print_Venice_1575_v1","103","CIII","CONSILIVM CIII.","1","In Christi nomine.","0062.xml","0062.xml","0062.xml"
"Baldo_Cons_Print_Venice_1575_v1","104","CIIII","CONSILIVM CIIII.","1","In Christi nomine.","0062.xml","0063.xml","0062.xml; 0063.xml"
"Baldo_Cons_Print_Venice_1575_v1","105","CV","CONSILIVM CV.","1","In Christi nomine. Verba dicunt, si contingeret legatos recedere in discordia: e…","0063.xml","0063.xml","0063.xml"
"Baldo_Cons_Print_Venice_1575_v1","106","CVI","CONSILIVM CVI.","1","In Christi nomine. Cum peteretur quaedam poena a quodam promissore facti, qui pr…","0063.xml","0064.xml","0063.xml; 0064.xml"
"Baldo_Cons_Print_Venice_1575_v1","107","CVII","CONSILIVM CVII.","1","In Christi nomine. Magnificus dominus Mala testa de Mala testis Capitaneus Gener…","0064.xml","0064.xml","0064.xml"
"Baldo_Cons_Print_Venice_1575_v1","108","CVIII","CONSILIVM CVIII.","1","In Christi nomine. Quaeritur, vtrum adulta possit augmentum dotis facere in rebu…","0064.xml","0065.xml","0064.xml; 0065.xml"
"Baldo_Cons_Print_Venice_1575_v1","109","CIX","CONSILIVM CIX.","1","† Licet filię sit reliIn Christi nomine. ctum pro dote, non tamen per hoc est ha…","0065.xml","0065.xml","0065.xml"
"Baldo_Cons_Print_Venice_1575_v1","110","CX","CONSILIVM CX.","1","In Christi nomine. Decreto domini cauetur, quod quandocunque aliquis praetendens…","0065.xml","0066.xml","0065.xml; 0066.xml"
"Baldo_Cons_Print_Venice_1575_v1","111","CXI","CONSILIVM CXI.","1","In Christi nomine. Quidam iuuenis anno. 17. intrauit religionem, assumpto habitu…","0066.xml","0067.xml","0066.xml; 0067.xml"
"Baldo_Cons_Print_Venice_1575_v1","112","CXII","CONSILIVM CXII.","1","In Christi nomine.","0067.xml","0068.xml","0067.xml; 0068.xml"
"Baldo_Cons_Print_Venice_1575_v1","113","CXIII","CONSILIVM CXIII.","1","In Christi nomine. Quaedam domina Brolia de Campo grandi vult donare omnia bona …","0068.xml","0068.xml","0068.xml"
"Baldo_Cons_Print_Venice_1575_v1","114","CXIIII","CONSILIVM CXIIII.","1","In Christi nomine. Quaedam moniales secerunt inuestituram in quendam magistrum I…","0068.xml","0068.xml","0068.xml"
"Baldo_Cons_Print_Venice_1575_v1","115","CXV","CONSILIVM CXV.","1","In Christi nomine. Verba debent, dom. Antonia dedit donauit, renunciauit, et ref…","0068.xml","0069.xml","0068.xml; 0069.xml"
"Baldo_Cons_Print_Venice_1575_v1","116","CXVI","CONSILIVM CXVI.","1","non alienationem, non debet praesumi alienatio. Emphyteuta an possit agere condi…","0069.xml","0070.xml","0069.xml; 0070.xml"
"Baldo_Cons_Print_Venice_1575_v1","117","CXVII","CONSILIVM CXVII. El secundo.","1","In Christi nomine. Verba debet ita dicunt, dicimus, quod iuxta ordines nostros h…","0070.xml","0070.xml","0070.xml"
"Baldo_Cons_Print_Venice_1575_v1","118","CXVIII","CONSILIVM CXVIII.","1","In Christi nomine. Benedictus, et Codeus fecerut venditionem cuidam Laurentio de…","0070.xml","0071.xml","0070.xml; 0071.xml"
"Baldo_Cons_Print_Venice_1575_v1","118","CXVIII","CONSILIVM CXVIII.","1","In Christi nomine.","0071.xml","0071.xml","0071.xml"
"Baldo_Cons_Print_Venice_1575_v1","119","CXIX","CONSILIVM CXIX .","1","In Christi nomine. Verba dicunt, quod incantator teneatur mundare, et purgare om…","0071.xml","0072.xml","0071.xml; 0072.xml"
"Baldo_Cons_Print_Venice_1575_v1","120","CXX","CONSILIVM CXX.","1","In Christi nomine. Quidam Antonius Zaninus, et Francis. fratres steterunt in com…","0072.xml","0072.xml","0072.xml"
"Baldo_Cons_Print_Venice_1575_v1","121","CXXI","CONSILIVM CXXI.","1","In Christi nomine. Proponitur, quod ex forma statuti verus contumax in non respo…","0072.xml","0073.xml","0072.xml; 0073.xml"
"Baldo_Cons_Print_Venice_1575_v1","122","CXXII","CONSILIVM CXXII.","1","In Christi nomine. Verba testa. sic dicunt: instituit ventrem vxoris, si grauida…","0073.xml","0074.xml","0073.xml; 0074.xml"
"Baldo_Cons_Print_Venice_1575_v1","123","CXXIII","CONSILIVM CXXIII.","1","In Christi nomine. Quidam Alexander obligauit pro certasumma cuidam Augustino, e…","0074.xml","0074.xml","0074.xml"
"Baldo_Cons_Print_Venice_1575_v1","124","CXXIIII","CONSILIVM CXXIIII.","1","In Christi nomine.","0074.xml","0075.xml","0074.xml; 0075.xml"
"Baldo_Cons_Print_Venice_1575_v1","125","CXXV","CONSILIVM CXXV.","1","In Christi nomine.","0075.xml","0075.xml","0075.xml"
"Baldo_Cons_Print_Venice_1575_v1","126","CXXVI","CONSILIVM CXXVI.","1","In Christi nomine. Quidam nobilis filius familias multa quaesiuit ex stipendiis …","0075.xml","0076.xml","0075.xml; 0076.xml"
"Baldo_Cons_Print_Venice_1575_v1","127","CXXVII","CONSILIVM. CXXVII.","1","In Christi nomine. Quidam nobiles receperunt in feudum quaedam praedia pacto app…","0076.xml","0076.xml","0076.xml"
"Baldo_Cons_Print_Venice_1575_v1","128","CXXVIII","CONSILIVM CXXVIII.","1","dat solum ventrem, qui erat tempore testamenti: et quae substitutio sit ista. In…","0076.xml","0077.xml","0076.xml; 0077.xml"
"Baldo_Cons_Print_Venice_1575_v1","129","CXXIX","CONSILIVM CXXIX.","1","In Christi nomine. Domina Francisca quondam Odonis fecit testamentum, in quo int…","0077.xml","0077.xml","0077.xml"
"Baldo_Cons_Print_Venice_1575_v1","130","CXXX","CONSILIVM CXXX.","1","In Christi nomine. Verba proprie dicunt. ecclesiam sanctae Marię de cumulo, eccl…","0077.xml","0078.xml","0077.xml; 0078.xml"
"Baldo_Cons_Print_Venice_1575_v1","131","CXXXI","CONSILIVM CXXXI.","1","In Christi nomine. Casus est talis, quidam nobilis de magnano locauit P. de summ…","0078.xml","0078.xml","0078.xml"
"Baldo_Cons_Print_Venice_1575_v1","132","CXXXII","CONSILIVM CXXXII.","1","In Christi nomine.","0078.xml","0079.xml","0078.xml; 0079.xml"
"Baldo_Cons_Print_Venice_1575_v1","133","CXXXIII","CONSILIVM CXXXIII.","1","In Christi nomine. Quaedam mulier filia familias habens bona materna iurauit ea …","0079.xml","0079.xml","0079.xml"
"Baldo_Cons_Print_Venice_1575_v1","134","CXXXIIII","CONSILIVM CXXXIIII.","1","In Christi nomine. In primo testamento Titius instituit Seyum per hęc uerba, Sey…","0079.xml","0080.xml","0079.xml; 0080.xml"
"Baldo_Cons_Print_Venice_1575_v1","135","CXXXV","CONSILIVM CXXXV.","1","In Christi nomine. Pater casanas. i. domo fęnori publicae deputatas cum pecuniis…","0080.xml","0080.xml","0080.xml"
"Baldo_Cons_Print_Venice_1575_v1","136","CXXXVI","CONSILIVM CXXXVI.","1","In Christi nomine. Praemissis duobus statutis, quorum vno cauetur, quod instrume…","0080.xml","0081.xml","0080.xml; 0081.xml"
"Baldo_Cons_Print_Venice_1575_v1","137","CXXXVII","CONSILIVM CXXXVII.","1","In Christi nomine. Quidam nobilis filiusfa. multa quaesiuit ex stipendiis suis a…","0081.xml","0081.xml","0081.xml"
"Baldo_Cons_Print_Venice_1575_v1","138","CXXXVIII","CONSILIVM CXXXVIII.","1","In Christi nomine. Petrinus de Iseo estimatus in dicto castro Isei emancipauit F…","0081.xml","0082.xml","0081.xml; 0082.xml"
"Baldo_Cons_Print_Venice_1575_v1","139","CXXXIX","CONSILIVM CXXXIX.","1","In Christi nomine. Consuetudo est in terra Isei districtus Brixia, quod homine d…","0082.xml","0082.xml","0082.xml"
"Baldo_Cons_Print_Venice_1575_v1","140","CXL","CONSILIVM CXL.","1","In Christi nomine. Viso testamento Henrici de pontremulo, et institutione, et su…","0082.xml","0083.xml","0082.xml; 0083.xml"
"Baldo_Cons_Print_Venice_1575_v1","141","CXLI","CONSILIVM CXLI.","1","In Christi nomine. Pręmissis verbis cuiusdam statuti Mediolani dicentis, quod mo…","0083.xml","0085.xml","0083.xml; 0084.xml; 0085.xml"
"Baldo_Cons_Print_Venice_1575_v1","142","CXLII","CONSILIVM CXLII.","1","Quando est q. de territorio et c. an talis controuersia possit compromitti. In C…","0085.xml","0085.xml","0085.xml"
"Baldo_Cons_Print_Venice_1575_v1","143","CXLIII","CONSILIVM CXLIII.","1","In Christi nomine. Casus talis est. Quidam nomine Antonius Bertam accepit in vxo…","0085.xml","0085.xml","0085.xml"
"Baldo_Cons_Print_Venice_1575_v1","144","CXLIIII","CONSILIVM CXLIIII.","1","In Christi nomine. Praesupposito communis communis Papiae satuto, quod imponit c…","0085.xml","0086.xml","0085.xml; 0086.xml"
"Baldo_Cons_Print_Venice_1575_v1","145","CXLV","CONSILIVM CXLV.","1","In Christi nomine. Albertus a lege ciuis Veronę parrochiae sanctae Mariae in cla…","0086.xml","0087.xml","0086.xml; 0087.xml"
"Baldo_Cons_Print_Venice_1575_v1","146","CXLVI","CONSILIVM CXLVI.","1","In Christi nomine. Titulus Principis Achaiae. Amadeus de Sabaudia princeps Achai…","0087.xml","0088.xml","0087.xml; 0088.xml"
"Baldo_Cons_Print_Venice_1575_v1","147","CXLVII","CONSILIVM CXLVII.","1","In Christi nomine. Statutum, quod supponitur in facto quaestionis, quę sequitur …","0088.xml","0089.xml","0088.xml; 0089.xml"
"Baldo_Cons_Print_Venice_1575_v1","148","CXLVIII","CONSILIVM CXLVIII.","1","In Christi nomine. In casu proposito praemittendum est adeuidentiam,","0089.xml","0090.xml","0089.xml; 0090.xml"
"Baldo_Cons_Print_Venice_1575_v1","149","CXLIX","CONSILIVM CXLIX.","1","In Christi nomine. Proponitur, quod ex causa depoiti, mutui, societatis, et alio…","0090.xml","0091.xml","0090.xml; 0091.xml"
"Baldo_Cons_Print_Venice_1575_v1","150","CL","CONSILIVM CL.","1","In Christi nomine. Casus talis est, Vagnolus de Cassisio fuit confessus se habui…","0091.xml","0092.xml","0091.xml; 0092.xml"
"Baldo_Cons_Print_Venice_1575_v1","151","CLI","CONSILIVM CLI.","1","In Christi nomine. Casus, quaedam mulier vidua et vetula habens quaedam iura con…","0092.xml","0092.xml","0092.xml"
"Baldo_Cons_Print_Venice_1575_v1","152","CLII","CONSILIVM CLII.","1","In Christi nomine. Plura tanguntur, tamen ego reduco me ad punctum veritatis.","0092.xml","0093.xml","0092.xml; 0093.xml"
"Baldo_Cons_Print_Venice_1575_v1","153","CLIII","CONSILIVM CLIII.","1","In Christi nomine.","0093.xml","0093.xml","0093.xml"
"Baldo_Cons_Print_Venice_1575_v1","154","CLIIII","CONSILIVM CLIIII.","1","In Christi nomine. Proponitur. quod quidam socii scelerati, et malae famae stete…","0093.xml","0094.xml","0093.xml; 0094.xml"
"Baldo_Cons_Print_Venice_1575_v1","155","CLV","CONSILIVM CLV.","1","In Christi nomine.","0094.xml","0094.xml","0094.xml"
"Baldo_Cons_Print_Venice_1575_v1","156","CLVI","CONSILIVM CLVI.","1","In Christi nomine. Abbas exemptus cum consensu totius sui capituli praehabitis t…","0094.xml","0094.xml","0094.xml"
"Baldo_Cons_Print_Venice_1575_v1","157","CLVII","CONSILIVM CLVII.","1","In Christi nomine. Pater fecit testamentum, in quo haeredes sibi instituit Matth…","0094.xml","0094.xml","0094.xml"
"Baldo_Cons_Print_Venice_1575_v1","158","CLVIII","CONSILIVM CLVIII.","1","In Christi nomine. Tres fratres hęremitani deponunt contra quendam fratrem, quod…","0094.xml","0095.xml","0094.xml; 0095.xml"
"Baldo_Cons_Print_Venice_1575_v1","159","CLIX","CONSILIVM CLIX.","1","In Christi nomine.","0095.xml","0095.xml","0095.xml"
"Baldo_Cons_Print_Venice_1575_v1","160","CLX","CONSILIVM CLX.","1","In Christi nomine. Facta fuit inuestitura de quodam monte de Rochetis cum pacto,…","0095.xml","0095.xml","0095.xml"
"Baldo_Cons_Print_Venice_1575_v1","161","CLXI","CONSILIVM CLXI.","1","In Christi nomine. Quaedam nobilis domina Agnesina habuit duos viros, ex primo n…","0095.xml","0096.xml","0095.xml; 0096.xml"
"Baldo_Cons_Print_Venice_1575_v1","162","CLXII","CONSILIVM CLXII.","1","In Christi nomine. Quidam fuit substitutus uulgariter in primo gradu uulgaris, e…","0096.xml","0096.xml","0096.xml"
"Baldo_Cons_Print_Venice_1575_v1","163","CLXIII","CONSILIVM CLXIII.","1","In Christi nomine.","0096.xml","0096.xml","0096.xml"
"Baldo_Cons_Print_Venice_1575_v1","164","CLXIIII","CONSILIVM CLXIIII.","1","In Christi nomine. Quidam fuit per Papam creatus episcopus vltramarinus.","0096.xml","0096.xml","0096.xml"
"Baldo_Cons_Print_Venice_1575_v1","165","CLXV","CONSILIVM CLXV.","1","In Christi nomine. Tres erant ualuasso res, seu feudatarii nobiles cuiusdam cast…","0096.xml","0097.xml","0096.xml; 0097.xml"
"Baldo_Cons_Print_Venice_1575_v1","166","CLXVI","CONSILIVM CLXVI.","1","In Christi nomine.","0097.xml","0097.xml","0097.xml"
"Baldo_Cons_Print_Venice_1575_v1","167","CLXVII","CONSILIVM CLXVII.","1","In Christi nomine.","0097.xml","0097.xml","0097.xml"
"Baldo_Cons_Print_Venice_1575_v1","168","CLXVIII","CONSILIVM CLXVIII.","1","In Christi nomine. Duo sunt statuta in Ciuit. Papiae: vnum disponit de compromis…","0097.xml","0098.xml","0097.xml; 0098.xml"
"Baldo_Cons_Print_Venice_1575_v1","169","CLXIX","CONSILIVM CLXIX.","1","In Christi nomine. 2un cuetur, quod a sententia diffinitiua possit appellari, se…","0098.xml","0098.xml","0098.xml"
"Baldo_Cons_Print_Venice_1575_v1","170","CLXX","COSILIVM CLXX.","1","In Christi nomine.inquaititatibus catis, et ita substituit per hęc verba, vulgar…","0098.xml","0098.xml","0098.xml"
"Baldo_Cons_Print_Venice_1575_v1","171","CLXXI","CONSILIVM CLXXI.","1","In Christi nomine. runtil nei Condemnatus fuit quidam in mille deapplicandis cam…","0098.xml","0099.xml","0098.xml; 0099.xml"
"Baldo_Cons_Print_Venice_1575_v1","172","CLXXII","CONSILIVM CLXXII.","1","In Christi nomine.","0099.xml","0099.xml","0099.xml"
"Baldo_Cons_Print_Venice_1575_v1","173","CLXXIII","CONSILIVM CLXXIII.","1","In Christi nomine. Casus, erant quatuor fratres hęredes patris pro indiuiso sic …","0099.xml","0099.xml","0099.xml"
"Baldo_Cons_Print_Venice_1575_v1","174","CLXXIIII","CONSILIVM CLXXIIII.","1","In Christi nomine. Facinus vendidit Secundono vnan domum precio quingentorum flo…","0099.xml","0100.xml","0099.xml; 0100.xml"
"Baldo_Cons_Print_Venice_1575_v1","175","CLXXV","CONSILIVM CLXXV.","1","In Christi nomine. Factum proponitur in hac forma pendente lite occasione priori…","0100.xml","0100.xml","0100.xml"
"Baldo_Cons_Print_Venice_1575_v1","176","CLXXVI","COSILIVM CLXXVI.","1","In Christi nomine. Caecilia recessit a Francisco opus viro, et liberis ex eo sus…","0100.xml","0102.xml","0100.xml; 0101.xml; 0102.xml"
"Baldo_Cons_Print_Venice_1575_v1","177","CLXXVII","CONSILIVM CLXXVII.","1","In Christi nomine. In Ecclesia Regina et statutum ratuionabile, quod antiquior c…","0102.xml","0102.xml","0102.xml"
"Baldo_Cons_Print_Venice_1575_v1","178","CLXXVIII","COSILIVM CLXXVIII.","1","In Christi nomine. Praesupposito statuto de inquisitionibus fiendis, praesertim …","0102.xml","0103.xml","0102.xml; 0103.xml"
"Baldo_Cons_Print_Venice_1575_v1","179","CLXXIX","CONSILIVM CLXXIX.","1","In Christi nomine.","0103.xml","0103.xml","0103.xml"
"Baldo_Cons_Print_Venice_1575_v1","180","CLXXX","CONSILIVM CLXXX.","1","In Christi nomine. Praesuppositis verbis cuiusdam statutis Ciuitatis Mediola. qu…","0103.xml","0104.xml","0103.xml; 0104.xml"
"Baldo_Cons_Print_Venice_1575_v1","181","CLXXXI","CONSILIVM CLXXXI.","1","In Christi nomine. Casus talis est, caue tur statuto cuiusdam ciuitatis, quod po…","0104.xml","0105.xml","0104.xml; 0105.xml"
"Baldo_Cons_Print_Venice_1575_v1","182","CLXXXII","COSILIVM CLXXXII.","1","In Christi nomine. Locata fuit quaedam possesio titio vsue ad octo annos pro ann…","0105.xml","0106.xml","0105.xml; 0106.xml"
"Baldo_Cons_Print_Venice_1575_v1","183","CLXXXIII","CONSILIVM CLXXXIII.","1","In Christi nomine. Factum proponitur quod quidam nomine Michael Asinarius fuit c…","0106.xml","0106.xml","0106.xml"
"Baldo_Cons_Print_Venice_1575_v1","184","CLXXXIIII","CONSILIVM CLXXXIIII.","1","In Christi nomine. Praesupposito, quod statutum ualeat, uidedum est, quid statut…","0106.xml","0107.xml","0106.xml; 0107.xml"
"Baldo_Cons_Print_Venice_1575_v1","185","CLXXXV","CONSILIVM CLXXXV","1","In Christi nomine.","0107.xml","0107.xml","0107.xml"
"Baldo_Cons_Print_Venice_1575_v1","186","CLXXXVI","CONSILIVM CLXXXVI.","1","In Christi nomine. Quia allegationes subrilisfime sactasunt, non esset necesse v…","0107.xml","0109.xml","0107.xml; 0108.xml; 0109.xml"
"Baldo_Cons_Print_Venice_1575_v1","187","CLXXXVII","CONSILIVM CLXXXVII.","1","In Christi nomine. Super quęstione vereete inter philipum de Marinis nomine suo,…","0109.xml","0110.xml","0109.xml; 0110.xml"
"Baldo_Cons_Print_Venice_1575_v1","188","CLXXXVIII","CONSILIVM CLXXXVIII.","1","In Christi nomine. In substitutione non consideratur dupli citas vinculi, sed co…","0110.xml","0111.xml","0110.xml; 0111.xml"
"Baldo_Cons_Print_Venice_1575_v1","189","CLXXXIX","CONSILIVM CLXXXIX.","1","In Christi nomine. Casus talis est, Petrus haeredem suam instituit M. suam vxore…","0111.xml","0111.xml","0111.xml"
"Baldo_Cons_Print_Venice_1575_v1","190","CXC","CONSILIVM CXC.","1","In Christi nomine. Casus talis est, Quidam codidit testmin quo inter caetera dix…","0111.xml","0111.xml","0111.xml"
"Baldo_Cons_Print_Venice_1575_v1","191","CXCI","CONSILIVM CXCI.","1","Praescribi an possit, vt aliqua ecclesia visitetur ab episcopo, et sic an iura e…","0111.xml","0112.xml","0111.xml; 0112.xml"
"Baldo_Cons_Print_Venice_1575_v1","192","CXCII","CONSILIVM CXCII.","1","Refutatio non praeiudicat substitutioni, nec vltimae voluntati. In Christi nomin…","0112.xml","0113.xml","0112.xml; 0113.xml"
"Baldo_Cons_Print_Venice_1575_v1","193","CXCIII","CONSILIVM CXCIII.","1","In Christi nomine. Do. Nicolaus condidit testamentum, in quo sibi hęredem instit…","0113.xml","0113.xml","0113.xml"
"Baldo_Cons_Print_Venice_1575_v1","194","CXCIIII","CONSILIVM. CXCIIII.","1","In Christi nomine. In causa vertente inter nobilem, et honorabilem virum dominum…","0113.xml","0114.xml","0113.xml; 0114.xml"
"Baldo_Cons_Print_Venice_1575_v1","195","CXCV","CONSILIVM CXCV.","1","In Christi nomine. 1e. Punctus talis est, quaedam domina Anto. fuit haeres cuius…","0114.xml","0115.xml","0114.xml; 0115.xml"
"Baldo_Cons_Print_Venice_1575_v1","196","CXCVI","CONSILIVM. CXCVI.","1","In Christi nomine. In hac qusione contraniae sunt opi. nam lade Bel. disputando","0115.xml","0115.xml","0115.xml"
"Baldo_Cons_Print_Venice_1575_v1","197","CXCVII","CONSILIVM CXCVII.","1","In Christi nomine. Quidam habens debitorem suum in mille decessit, relicta vna f…","0115.xml","0115.xml","0115.xml"
"Baldo_Cons_Print_Venice_1575_v1","198","CXCVIII","CONSILIVM CXCVIII.","1","Quae scriptura praeualeat in hypotheca, et de viribus scripturarum. Scriptura pu…","0115.xml","0117.xml","0115.xml; 0116.xml; 0117.xml"
"Baldo_Cons_Print_Venice_1575_v1","199","CXCIX","CONSILIVM CXCIX.","1","In Christi nomine. Petrus tenebatur cui dam Perono de lautitatem blandi in illo …","0117.xml","0118.xml","0117.xml; 0118.xml"
"Baldo_Cons_Print_Venice_1575_v1","200","CC","CONSILIVM CC.","1","In Christi nomine. Barta sciens patrem mortuum, facit quen dam procuratorem ad m…","0118.xml","0118.xml","0118.xml"
"Baldo_Cons_Print_Venice_1575_v1","201","CCI","CONSILIVM CCI.","1","In Christi nomine. In prouincia Anconit. est generalis constitutio ecclesiae, in…","0118.xml","0119.xml","0118.xml; 0119.xml"
"Baldo_Cons_Print_Venice_1575_v1","202","CCII","CONSILIVM CCII.","1","In Christi nomine. Pater legauit filiae mille calu nubendo. deinde dotauit eam i…","0119.xml","0119.xml","0119.xml"
"Baldo_Cons_Print_Venice_1575_v1","203","CCIII","CONSILIVM CCIII.","1","In Christi nomine. Praesupposito statuto, quo cauet, gegil la teneatur emendare …","0119.xml","0120.xml","0119.xml; 0120.xml"
"Baldo_Cons_Print_Venice_1575_v1","204","CCIIII","CONSILIVM CCIIII.","1","ritur, quid iuris: adde infra, consilio 230. In Christi nomine. Testator legauit…","0120.xml","0121.xml","0120.xml; 0121.xml"
"Baldo_Cons_Print_Venice_1575_v1","205","CCV","CONSILIVM CCV.","1","In Christi nomine. Instrumentum dicit, quod locator consi gnet in agro seminatum…","0121.xml","0122.xml","0121.xml; 0122.xml"
"Baldo_Cons_Print_Venice_1575_v1","206","CCVI","CONSILIVM CCVI.","1","In Christi nomine. Praeceptum fuit factum fratribus minoribus per dominum Girar.…","0122.xml","0123.xml","0122.xml; 0123.xml"
"Baldo_Cons_Print_Venice_1575_v1","207","CCVII","CONSILIVM CCVII.","1","Testamentum in scriptis requirit, quod scriptum sit nomen haeredis per testatore…","0123.xml","0123.xml","0123.xml"
"Baldo_Cons_Print_Venice_1575_v1","208","CCVIIII","CONSILIVM CCVIIII.","1","Locus praesumitur appositus instrumento propter coniunctionem causę. Sententia c…","0123.xml","0123.xml","0123.xml"
"Baldo_Cons_Print_Venice_1575_v1","209","CCIX","CONSILIVM CCIX.","1","In Christi nomine. Casus talis est, titius impetrauita domino legato de latere i…","0123.xml","0124.xml","0123.xml; 0124.xml"
"Baldo_Cons_Print_Venice_1575_v1","210","CCX","CONSILIVM CCX.","1","In Christi nomine. Casus talis est, quidam A. accepit in vxorem quandam nomine B…","0124.xml","0124.xml","0124.xml"
"Baldo_Cons_Print_Venice_1575_v1","211","CCXI","CONSILIVM CCXI","1","In Christi nomine. InoI","0124.xml","0125.xml","0124.xml; 0125.xml"
"Baldo_Cons_Print_Venice_1575_v1","212","CCXII","CONSILIVM CCXII.","1","In Christi nomine.","0125.xml","0125.xml","0125.xml"
"Baldo_Cons_Print_Venice_1575_v1","213","CCXIII","CONSILIVM CCXIII.","1","In Christi nomine.","0125.xml","0125.xml","0125.xml"
"Baldo_Cons_Print_Venice_1575_v1","214","CCXIIII","CONSILIVM CCXIIII.","1","In Christi nomine. Casus talis est, cartu fienses Sancti lacobi de prope Ast, ve…","0125.xml","0126.xml","0125.xml; 0126.xml"
"Baldo_Cons_Print_Venice_1575_v1","215","CCXV","CONSILIVM CCXV.","1","In Christi nomine. Quatuor fuerunt principaliter obsigati cuidam do. Pe. in 1005…","0126.xml","0126.xml","0126.xml"
"Baldo_Cons_Print_Venice_1575_v1","216","CCXVI","CONSILIVM CCXVI.","1","In Christi nomine. Verba testament ita dicunt Io. An. instituit sibi hęredem vni…","0126.xml","0126.xml","0126.xml"
"Baldo_Cons_Print_Venice_1575_v1","217","CCXVII","CONSILIVM CCXVII.","1","In Christi nomine.","0126.xml","0127.xml","0126.xml; 0127.xml"
"Baldo_Cons_Print_Venice_1575_v1","218","CCXVIII","CONSILIVM CCXVIII.","1","In Christi nomine. Praesupposito statuto ittitanteomnem alienationem meliorament…","0127.xml","0127.xml","0127.xml"
"Baldo_Cons_Print_Venice_1575_v1","219","CCXIX","CONSILIVM CCXIX.","1","In Christi nomine.","0127.xml","0128.xml","0127.xml; 0128.xml"
"Baldo_Cons_Print_Venice_1575_v1","220","CCXX","CONSILIVM CCXX.","1","In Christi nomine. Proponitur, quod A. in emphyteosim pepetuam concessit B. rem …","0128.xml","0128.xml","0128.xml"
"Baldo_Cons_Print_Venice_1575_v1","221","CCXXI","CONSILIVM CCXXI.","1","In Christi nomine.","0128.xml","0129.xml","0128.xml; 0129.xml"
"Baldo_Cons_Print_Venice_1575_v1","222","CCXXII","CONSILIVM CCXXII.","1","In Christi nomine. toe positionibus debeat quis respondere per se: et non per pr…","0129.xml","0129.xml","0129.xml"
"Baldo_Cons_Print_Venice_1575_v1","223","CCXXIII","CONSILIVM CCXXIII.","1","In Christi nomine.","0129.xml","0130.xml","0129.xml; 0130.xml"
"Baldo_Cons_Print_Venice_1575_v1","224","CCXXIIII","CONSILIVM CCXXIIII.","1","In Christi nomine. Quęritur, pone, extat auia paterna, et mater pupillae, auia v…","0130.xml","0131.xml","0130.xml; 0131.xml"
"Baldo_Cons_Print_Venice_1575_v1","225","CCXXV","CONSILIVM CCXXV.II.","1","In Christi nomine. ta, et teminia seucohęrentiis inter ecclesiam ex vna parte, e…","0131.xml","0131.xml","0131.xml"
"Baldo_Cons_Print_Venice_1575_v1","226","CCXXXVI","CONSILIVM CCXXXVI.","1","In Christi nomine. Reperitur, quod quidam A. condidit testamentum, in quo certa …","0131.xml","0132.xml","0131.xml; 0132.xml"
"Baldo_Cons_Print_Venice_1575_v1","227","CCXXVII","CONSILIVM CCXXVII.","1","In Christi nomine. Honestus vir frater Io. deCauatiis minister, et rector hospit…","0132.xml","0132.xml","0132.xml"
"Baldo_Cons_Print_Venice_1575_v1","228","CCXXXVIII","CONSILIVM CCXXXVIII.","1","In Christi nomine. In causa domini Gullelmi verba instrumenti haec sunt. Cumque …","0132.xml","0133.xml","0132.xml; 0133.xml"
"Baldo_Cons_Print_Venice_1575_v1","229","CCXXIX","COSILIVM CCXXIX.","1","In Christi nomine. est.","0133.xml","0133.xml","0133.xml"
"Baldo_Cons_Print_Venice_1575_v1","230","CCXXX","CONSILIVM CCXXX.","1","In Christi nomine. Benigni de Pisis, iterato vidi, et legi, et cogitaui super eo…","0133.xml","0133.xml","0133.xml"
"Baldo_Cons_Print_Venice_1575_v1","231","CCXXXI","CONSILIVM CCXXXI.","1","In Christi nomine. Praesupposito statuto, quo donatio ipso iure non valeat ultra…","0133.xml","0134.xml","0133.xml; 0134.xml"
"Baldo_Cons_Print_Venice_1575_v1","232","CCXXXII","CONSILIVM CCXXXII.","1","In Christi nomine. Fratres praedicatores habent priuilegium Bonifacii VIII. et a…","0134.xml","0134.xml","0134.xml"
"Baldo_Cons_Print_Venice_1575_v1","233","CCXXXIII","CONSILIVM CCXXXIII.","1","In Christi nomine. Super instrumenta. uel testes potertapparere, quod murus, et …","0134.xml","0134.xml","0134.xml"
"Baldo_Cons_Print_Venice_1575_v1","234","CCXXXIIII","CONSILIVM CCXXXIIII.","1","In Christi nomine. Decretum Magnificitale est, quo omnes, et singuli familiares,…","0134.xml","0135.xml","0134.xml; 0135.xml"
"Baldo_Cons_Print_Venice_1575_v1","235","CCXXXV","CONSILIVM CCXXXV..","1","In Christi nomine. Bartholomaeus legauit fratri Andreę ordinis seruorum Sanctae …","0135.xml","0135.xml","0135.xml"
"Baldo_Cons_Print_Venice_1575_v1","236","CCXXXVI","CONSILIVM CCXXXVI.","1","In Christi nomine. Lau. cauetur, qgo si arbitria, vel arbitramenta fuerint dicta…","0135.xml","0136.xml","0135.xml; 0136.xml"
"Baldo_Cons_Print_Venice_1575_v1","237","CCXXXVII","COSILIVM CCXXXVII.","1","Legatum factum filiae causa nubendi an statim petatur, an non: et an interim hab…","0136.xml","0137.xml","0136.xml; 0137.xml"
"Baldo_Cons_Print_Venice_1575_v1","238","CCXXXVIII","CONSILIVM CCXXXVIII.","1","Debitum praestatur per longissimam pręstationem. onnii Mandatum potest incipere …","0137.xml","0137.xml","0137.xml"
"Baldo_Cons_Print_Venice_1575_v1","239","CCXXXIX","CONSILIVM CCXXXIX.","1","Differentiae inter usumfructum, et alimenta. Legatarius vniuersalis vsusfructus …","0137.xml","0138.xml","0137.xml; 0138.xml"
"Baldo_Cons_Print_Venice_1575_v1","240","CCXL","CONSILIVM CCXL.","1","In Christi nomine. Donatio facta per Antomum Francisco fuit facta tempore, quo d…","0138.xml","0138.xml","0138.xml"
"Baldo_Cons_Print_Venice_1575_v1","241","CCXLI","CONSILIVM CCXLI.","1","In Christi nomine. licer. A in testamen to suo solenni instituit haeredem B. fil…","0138.xml","0138.xml","0138.xml"
"Baldo_Cons_Print_Venice_1575_v1","242","CCXLII","CONSILIVM CCXLII.","1","† Stante statuto, quod familiares amici domini, qui conduxerunt domos pro eorum …","0138.xml","0139.xml","0138.xml; 0139.xml"
"Baldo_Cons_Print_Venice_1575_v1","243","CCXLIII","CONSILIVM CCXLIII.","1","In Christi nomine. Quidam nobilis nomine Antonius de Placentia fuit condemnatus …","0139.xml","0140.xml","0139.xml; 0140.xml"
"Baldo_Cons_Print_Venice_1575_v1","244","CCXLIIII","CONSILIVM CCXLIIII.","1","† dubitatur de quo In Christi nomine. dam notatio inuene parum practico in arte,…","0140.xml","0140.xml","0140.xml"
"Baldo_Cons_Print_Venice_1575_v1","245","CCXLV","CONSILIVM CCXLV.","1","intelligatur ex testamento, vel tantum ab intestato? et quid, si statutum loquit…","0140.xml","0140.xml","0140.xml"
"Baldo_Cons_Print_Venice_1575_v1","246","CCXLVI","CONSILIVM CCXLVI.","1","In Christi nomine.","0140.xml","0141.xml","0140.xml; 0141.xml"
"Baldo_Cons_Print_Venice_1575_v1","247","CCXLVII","CONSILIVM CCXLVII.","1","In Christi nomine. Pręmisso statuto, in quo disponie, uod si qua persona ingress…","0141.xml","0141.xml","0141.xml"
"Baldo_Cons_Print_Venice_1575_v1","248","CCXLVIII","CONSILIVM CCXLVIII.","1","Contractus celebratus cum eo qui potest legem condere habet vim legis. Exceptio …","0141.xml","0142.xml","0141.xml; 0142.xml"
"Baldo_Cons_Print_Venice_1575_v1","249","CCXLIX","CONSILIVM CCXLIX.","1","In Christi nomine. Super libris thesautati primo reperie batur descriptus Antoni…","0142.xml","0144.xml","0142.xml; 0143.xml; 0144.xml"
"Baldo_Cons_Print_Venice_1575_v1","250","CCL","CONSILIVM CCL.","1","In Christi nomine. In quęstione domini Milani, qui dicitur dedisse consilium vin…","0144.xml","0147.xml","0144.xml; 0145.xml; 0146.xml; 0147.xml"
"Baldo_Cons_Print_Venice_1575_v1","252","CCLII","CONSILIVM CCLII.","1","In Christi nomine. Quaerulae praeces pium Principis animum commouerunt.","0147.xml","0147.xml","0147.xml"
"Baldo_Cons_Print_Venice_1575_v1","253","CCLIII","CONSILIVM CCLIII.","1","In Christi nomine. Illustris dominus noster donauit Benentono. domum vnam, quae …","0147.xml","0148.xml","0147.xml; 0148.xml"
"Baldo_Cons_Print_Venice_1575_v1","254","CCLIIII","CONSILIVM CCLIIII.","1","In Christi nomine. Titius instituit soro ee, ex quanata erat Berta eius filia tu…","0148.xml","0148.xml","0148.xml"
"Baldo_Cons_Print_Venice_1575_v1","255","CCLV","CONSILIVM CCLV.","1","In Christi nomine. Abbas fecit quandam locatinem ad oe anpro certo annuo fictu: …","0148.xml","0149.xml","0148.xml; 0149.xml"
"Baldo_Cons_Print_Venice_1575_v1","256","CCLVI","CONSILIVM CCLVI.","1","In Christi nomine.","0149.xml","0149.xml","0149.xml"
"Baldo_Cons_Print_Venice_1575_v1","257","CCLVII","OCONSILIVM CCLVII.","1","In Christi nomine. Titius emit fundum a sempronio: deinde post duos menses fuit …","0149.xml","0150.xml","0149.xml; 0150.xml"
"Baldo_Cons_Print_Venice_1575_v1","258","CCLVIII","CONSILIVM CCLVIII.","1","In Christi nomine. Erant tres fratres ex vtroquem parente, et valsalli vnius dom…","0150.xml","0150.xml","0150.xml"
"Baldo_Cons_Print_Venice_1575_v1","259","CCLIX","CONSILIVM CCLIX.","1","In Christi nomine. Verba inquisitionis debent, quo nominati in ea, cum inuenisse…","0150.xml","0151.xml","0150.xml; 0151.xml"
"Baldo_Cons_Print_Venice_1575_v1","260","CCLX","CONSILIVM CCLX.","1","Vide et in consi. 304. vbi idem consuluit inter easdem pesonas. Expensae familia…","0151.xml","0152.xml","0151.xml; 0152.xml"
"Baldo_Cons_Print_Venice_1575_v1","261","CCLXI","CONSILIVM CCLXI.","1","In Christi nomine. Primo quaeritur, sta tuto cauetur, quod intruementa debeant e…","0152.xml","0154.xml","0152.xml; 0153.xml; 0154.xml"
"Baldo_Cons_Print_Venice_1575_v1","262","CCLXII","CONSILIVM CCLXII.","1","In Christi nomine. lo me consuluisse, qged quondam magnificus miles, et dominus …","0154.xml","0155.xml","0154.xml; 0155.xml"
"Baldo_Cons_Print_Venice_1575_v1","263","CCLXIII","OONSILIVM CCLXIII.","1","In Christi nomine. Verba instrumentiprocurae ita dicut ad apprehendendum bona, e…","0155.xml","0156.xml","0155.xml; 0156.xml"
"Baldo_Cons_Print_Venice_1575_v1","264","CCLXIIII","CONSILIVM CCLXIIII.","1","In Christi nomine. Statuto cauetur, quod si qua persona decerserit ab intestato …","0156.xml","0156.xml","0156.xml"
"Baldo_Cons_Print_Venice_1575_v1","265","CCLXV","CONSILIVM CCLXV.","1","In Christi nomine. Creditor in libris thesauratie in cetum millibus fecit 20. sc…","0156.xml","0157.xml","0156.xml; 0157.xml"
"Baldo_Cons_Print_Venice_1575_v1","266","CCLXVI","CONSILIVM CCLXVI","1","In Christi nomine. Proponitur, quod ada Antonius eocertis sociis emit dacium cus…","0157.xml","0157.xml","0157.xml"
"Baldo_Cons_Print_Venice_1575_v1","267","CCLXVII","CONSILIVM CCLXVII.","1","In Christi nomine.","0157.xml","0159.xml","0157.xml; 0158.xml; 0159.xml"
"Baldo_Cons_Print_Venice_1575_v1","268","CCLXVIII","CONSILIVM CCLXVIII.","1","In Christi nomine. Factum tale est: ad instantiam appella tis ex parte iudicis d…","0159.xml","0160.xml","0159.xml; 0160.xml"
"Baldo_Cons_Print_Venice_1575_v1","269","CCLXIX","CONSILIVM CCLXIX","1","tur, vbistatu non permittitur deferri, et in quibus casibus non deferatur. Actus…","0160.xml","0161.xml","0160.xml; 0161.xml"
"Baldo_Cons_Print_Venice_1575_v1","270","CCLXX","CONSILIVM CCLXX.","1","munem cursum. et hic est vnus de casibus, in quibus potest iudex sequi conscient…","0161.xml","0162.xml","0161.xml; 0162.xml"
"Baldo_Cons_Print_Venice_1575_v1","271","CCLXXI","CONSILIVM CCLXXI.","1","In Christi nomine. Casus consilii talis, est dom. Ferrandus Rex Portugalię capi …","0162.xml","0163.xml","0162.xml; 0163.xml"
"Baldo_Cons_Print_Venice_1575_v1","272","CCLXXII","CONSILIVM CCLXXII.","1","Personę tertii ordi. Sancti Franc. an sint de foro episcopi tam 82 in eriminalib…","0163.xml","0164.xml","0163.xml; 0164.xml"
"Baldo_Cons_Print_Venice_1575_v1","273","CCLXXIII","CONSILIVM CCLXXIII.","1","In Christi nomine. Factum dicitur essetale: domina Catha rina de Fogiano dedit i…","0164.xml","0166.xml","0164.xml; 0165.xml; 0166.xml"
"Baldo_Cons_Print_Venice_1575_v1","274","CCLXXIIII","CONSILIVM CCLXXIIII.","1","In Christi nomine. Ion Cuigloti de Perusio fuit extractus de Saccheto in potesta…","0166.xml","0166.xml","0166.xml"
"Baldo_Cons_Print_Venice_1575_v1","275","CCLXXV","CONSILIVM CCLXXV.","1","Pronuntiationes plures in iudicio an ad inducendam, seu declarandam consuetudine…","0166.xml","0166.xml","0166.xml"
"Baldo_Cons_Print_Venice_1575_v1","276","CCLXXVI","CONSILIVM CCLXXVI.","1","In Dei nomine. Ium Factum, super quo consipetitur, tale est V. Pe C. fratres car…","0166.xml","0167.xml","0166.xml; 0167.xml"
"Baldo_Cons_Print_Venice_1575_v1","277","CCLXXVII","CONSILIVM CCLXXVII.","1","Sententia super incompetentia iudicis transit in rem iudic. si ab ea non fuit ap…","0167.xml","0167.xml","0167.xml"
"Baldo_Cons_Print_Venice_1575_v1","278","CCLXXVIII","CONSILIVM CCLXXVIII.","1","In Christi nomine. Factum tale est, quidam homine Masius Vada, qui in suo testam…","0167.xml","0168.xml","0167.xml; 0168.xml"
"Baldo_Cons_Print_Venice_1575_v1","279","CCLXXIX","CONSILIVM CCLXXIX.","1","In Christi nomine. Factum tale proponitur: quidam nomine Paulus Grandagni suum u…","0168.xml","0168.xml","0168.xml"
"Baldo_Cons_Print_Venice_1575_v1","280","CCLXXX","CONSILIVM CCLXXX.","1","In Christi nomine. Factum sic se habet, quidam nomine Pateranus de Matha. fecit …","0168.xml","0169.xml","0168.xml; 0169.xml"
"Baldo_Cons_Print_Venice_1575_v1","281","CCLXXXI","CONSILIVM CCLXXXI.","1","In Christi nomine. Viso testamento condito per Nicolutium de Fabriano, quia prop…","0169.xml","0169.xml","0169.xml"
"Baldo_Cons_Print_Venice_1575_v1","282","CCLXXXII","CONSILIVM CCLXXXII.","1","In Christi nomine. Factum tale est, donin: Napoleo tacapostolicę sedis legatus a…","0169.xml","0170.xml","0169.xml; 0170.xml"
"Baldo_Cons_Print_Venice_1575_v1","283","CCLXXXIII","CONSILIVM CCLXXXIII.","1","Testis in eo, quod habet plurimum iuris, aut consistit in artificio iuris, debet…","0170.xml","0170.xml","0170.xml"
"Baldo_Cons_Print_Venice_1575_v1","284","CCLXXXIIII","CONSILIVM CCLXXXIIII. I.","1","In Christi nomine. uim Pręmissis uerbis cuiusdam statuti in esfectu dicentis, bo…","0170.xml","0171.xml","0170.xml; 0171.xml"
"Baldo_Cons_Print_Venice_1575_v1","285","CCLXXXV","CONSILIVM CCLXXXV.","1","In Christi nomine. Quia non est opus colorati veritatemeo quod soli solus: nam i…","0171.xml","0172.xml","0171.xml; 0172.xml"
"Baldo_Cons_Print_Venice_1575_v1","286","CCLXXXVI","CONSILIVM CCLXXXVI.","1","In Christi nomine. Factum, super quo consilium petitur, tale est: compromissum g…","0172.xml","0173.xml","0172.xml; 0173.xml"
"Baldo_Cons_Print_Venice_1575_v1","287","CCLXXXVII","CONSILIVM CCLXXXVII.","1","In Christi nomine. Quia defensio veritatis non indiget multiplicatione verborum:…","0173.xml","0173.xml","0173.xml"
"Baldo_Cons_Print_Venice_1575_v1","288","CCLXXXVIII","CONSILIVM CCLXXXVIII.","1","In Christi nomine. Factum tale est, qui dam solus Pueui de assess. suum condidit…","0173.xml","0173.xml","0173.xml"
"Baldo_Cons_Print_Venice_1575_v1","289","CCLXXXIX","CONSILIVM CCLXXXIX.","1","In Christi nomine. Factum tale est, qui dam nomine Micheli ctus decessit superst…","0173.xml","0174.xml","0173.xml; 0174.xml"
"Baldo_Cons_Print_Venice_1575_v1","290","CCXC","CONSILIVM CCXC.","1","In Christi nomine. Istae allegationes sapienter factae respiciunt litis ordinati…","0174.xml","0175.xml","0174.xml; 0175.xml"
"Baldo_Cons_Print_Venice_1575_v1","291","CCXCI","CONSILIVM CCXCI.","1","Interesse intrinsecum an veniat ex mora commissa per reum: et quantum estimetur,…","0175.xml","0178.xml","0175.xml; 0176.xml; 0177.xml; 0178.xml"
"Baldo_Cons_Print_Venice_1575_v1","292","CCXCII","CONSILIVM CCXCII.","1","In Christi nomine. Quidam saccus nomine suum solenne condidit testamentum coram …","0178.xml","0178.xml","0178.xml"
"Baldo_Cons_Print_Venice_1575_v1","293","CCXCIII","CONSILIVM CCXCIII.","1","In Christi nomine. Praemissis duobus statutis, vno quorum cauetur, quod mortua v…","0178.xml","0179.xml","0178.xml; 0179.xml"
"Baldo_Cons_Print_Venice_1575_v1","294","CCXCIIII","CONSILIVM. CCXCIIII.","1","Ad euidentiam preIn Christi nomine. mitrendum est,","0179.xml","0179.xml","0179.xml"
"Baldo_Cons_Print_Venice_1575_v1","295","CCXCV","CONSILIVM CCXCV.","1","In Christi nomine. Fama viciniaeest: quod dam prelatus emfecit de pecunia eccles…","0179.xml","0180.xml","0179.xml; 0180.xml"
"Baldo_Cons_Print_Venice_1575_v1","296","CCXCVI","CONSILIVM CCXCVI.","1","verba posita in compromisso, seilicet nec de iure, nec de facto, quid iopprtens.…","0180.xml","0180.xml","0180.xml"
"Baldo_Cons_Print_Venice_1575_v1","297","CCXCVII","CONSILIVM CCXCVII.","1","In Christi nomine. Licet non sit opus manu ponere ad ea lamum, nihilominus potiu…","0180.xml","0181.xml","0180.xml; 0181.xml"
"Baldo_Cons_Print_Venice_1575_v1","298","CCXCVIII","CONSILIVM CCXCVIII.","1","In Christi nomine. Haec materia altio tis est iquisitionis, et ideo ad euidentia…","0181.xml","0182.xml","0181.xml; 0182.xml"
"Baldo_Cons_Print_Venice_1575_v1","299","CCXCIX","Adidem. CONSILIVM CCXCIX.","1","In Christi nomine. C. C. de rei vendil. si vt proponis. Io. And. de testa. l. cu…","0182.xml","0183.xml","0182.xml; 0183.xml"
"Baldo_Cons_Print_Venice_1575_v1","300","CCC","CONSILIVM. CCC.","1","† Statutum de datione insolutum an habeat locum in venditore. Vitium litigiosi n…","0183.xml","0184.xml","0183.xml; 0184.xml"
"Baldo_Cons_Print_Venice_1575_v1","301","CCCI","CONSILIVM CCCI.","1","Inuestitura feudi vnius fratris an prosit alteri per totum, maxime in tertia col…","0184.xml","0186.xml","0184.xml; 0185.xml; 0186.xml"
"Baldo_Cons_Print_Venice_1575_v1","302","CCCII","CONSILIVM CCCII.","1","In Christi nomine. tiam.","0186.xml","0186.xml","0186.xml"
"Baldo_Cons_Print_Venice_1575_v1","303","CCCIII","CONSILIVM CCCIII.","1","In Christi nomine. Ad euidentiam pręmittendum est,","0186.xml","0187.xml","0186.xml; 0187.xml"
"Baldo_Cons_Print_Venice_1575_v1","304","CCCIIII","CONSILIVM CCCIIII.","1","In Christi nomine. Non est nouum, immo necessarium, qed mutatione facti mutetur …","0187.xml","0188.xml","0187.xml; 0188.xml"
"Baldo_Cons_Print_Venice_1575_v1","305","CCCV","CONSILIVM CCCV.","1","In Christi nomine. Verba Principis dicunt. dicimus, et declaramus pro declaratio…","0188.xml","0188.xml","0188.xml"
"Baldo_Cons_Print_Venice_1575_v1","306","CCCVI","CONSILIVM CCCVI.","1","In Christi nomine. Verba inuestiturae factae ab ecclesia talem continet clausula…","0188.xml","0189.xml","0188.xml; 0189.xml"
"Baldo_Cons_Print_Venice_1575_v1","307","CCCVII","CONSILIVM CCCVII.","1","In Christi nomine. Quatuor fuerunt electi arbitri simpliciter: duo condemnauerun…","0189.xml","0189.xml","0189.xml"
"Baldo_Cons_Print_Venice_1575_v1","308","CCCVIII","CONSILIVM CCCVIII.","1","Authen. minoris debitor. C. qui dari tutores possunt. an lotum habeat in reali a…","0189.xml","0190.xml","0189.xml; 0190.xml"
"Baldo_Cons_Print_Venice_1575_v1","309","CCCIX","CONSILIVM CCCIX.","1","In Christi nomine. Cum essent plures fratres, qui luccerserant in feudum nobile,…","0190.xml","0190.xml","0190.xml"
"Baldo_Cons_Print_Venice_1575_v1","310","CCCX","CONSILIVM CCCX.","1","In Christi nomine.","0190.xml","0191.xml","0190.xml; 0191.xml"
"Baldo_Cons_Print_Venice_1575_v1","311","CCCXI","CONSILIVM CCCXI.","1","In Christi nomine. Pręmittendum est ad euidentiam tquod priuilegia Principum non…","0191.xml","0191.xml","0191.xml"
"Baldo_Cons_Print_Venice_1575_v1","312","CCCXII","CONSILIVM CCCXII.","1","In Christi nomine. Praesupposito, quod ea, quanatrata sunt in facto, sunt vera, …","0191.xml","0192.xml","0191.xml; 0192.xml"
"Baldo_Cons_Print_Venice_1575_v1","313","CCCXIII","CONSILIVM CCCXIII.","1","In Christi nomine. que dixerint, sint totaliter ponderata: quia ista vxor nihil …","0192.xml","0192.xml","0192.xml"
"Baldo_Cons_Print_Venice_1575_v1","314","CCCXIIII","CONSILIVM CCCXIIII.","1","In Christi nomine. Casus talis est, quidam Cicholinus secularis permutauit certa…","0192.xml","0192.xml","0192.xml"
"Baldo_Cons_Print_Venice_1575_v1","315","CCCXV","CONSILIVM CCCXV.","1","In Christi nomine.","0192.xml","0193.xml","0192.xml; 0193.xml"
"Baldo_Cons_Print_Venice_1575_v1","316","CCCXVI","CONSILIVM CCCXVI.","1","In Christi nomine, ae et Beatae Virginis, vtriusque loannis. Quia sępe reuocatur…","0193.xml","0194.xml","0193.xml; 0194.xml"
"Baldo_Cons_Print_Venice_1575_v1","317","CCCXVII","CONSILIVM CCCXVII.","1","In Christi nomine.","0194.xml","0194.xml","0194.xml"
"Baldo_Cons_Print_Venice_1575_v1","318","CCCXXVIII","CONSILIVM CCCXXVIII.","1","In Christi nomine. Practica Ciuitatis habet, vt ereditore in ius vocante debitor…","0194.xml","0195.xml","0194.xml; 0195.xml"
"Baldo_Cons_Print_Venice_1575_v1","319","CCCXIX","CONSILIVM CCCXIX.","1","In Christi nomine.","0195.xml","0195.xml","0195.xml"
"Baldo_Cons_Print_Venice_1575_v1","320","CCCXX","CONSILIVM CCCXX.","1","In Christi nomine. Ser Petrus fecit suum testamentum in quo reliquit Osannae eiu…","0195.xml","0196.xml","0195.xml; 0196.xml"
"Baldo_Cons_Print_Venice_1575_v1","321","CCCXXI","CONSILIVM CCCXXI.","1","In Christi nomine.","0196.xml","0196.xml","0196.xml"
"Baldo_Cons_Print_Venice_1575_v1","322","CCCXXII","CONSILIVM CCCXXII.","1","In Christi nomine.","0196.xml","0196.xml","0196.xml"
"Baldo_Cons_Print_Venice_1575_v1","323","CCCXXIII","CONSILIVM CCCXXIII .","1","In Christi nomine. Cum quidam medicus Chirurgicus missus esset ad naualem armata…","0196.xml","0197.xml","0196.xml; 0197.xml"
"Baldo_Cons_Print_Venice_1575_v1","324","CCCXXIIII","ONSILIVM CCCXXIIII.","1","In Christi nomine.","0197.xml","0198.xml","0197.xml; 0198.xml"
"Baldo_Cons_Print_Venice_1575_v1","325","CCCXXV","CONSILIVM CCCXXV.","1","In Christi nomine.","0198.xml","0199.xml","0198.xml; 0199.xml"
"Baldo_Cons_Print_Venice_1575_v1","326","CCCXXVI","CONSILIVM CCCXXVI.","1","In Christi nomine. Rex Romanorum in verum principa tum, et Ducatum creauit, feci…","0199.xml","0201.xml","0199.xml; 0200.xml; 0201.xml"
"Baldo_Cons_Print_Venice_1575_v1","327","CCCXXVII","CONSILIVM CCCXXVII.","1","Celestinus quod de mane concedebat, de sero reuocabat. Imperator non potest muta…","0201.xml","0203.xml","0201.xml; 0202.xml; 0203.xml"
"Baldo_Cons_Print_Venice_1575_v1","328","CCCXXVIII","CONSILIVM CCCXXVIII.","1","Vicarius an sit extinctus, et reuocatus, eo quod Imperator non potest sibi legem…","0203.xml","0205.xml","0203.xml; 0204.xml; 0205.xml"
"Baldo_Cons_Print_Venice_1575_v1","329","CCCXXIX","CONSILIVM CCCXXIX.","1","In Christi nomine. Casus talis est, quida Nicolaus de Verona conduxit a domino P…","0205.xml","0207.xml","0205.xml; 0206.xml; 0207.xml"
"Baldo_Cons_Print_Venice_1575_v1","330","CCCXXX","CONSILIVM CCCXXX.","1","In Christi nomine. Statuto cauetur, quod conductor alienan do, vel tradendo non …","0207.xml","0208.xml","0207.xml; 0208.xml"
"Baldo_Cons_Print_Venice_1575_v1","331","CCCXXXI","Ad idem. CONSILIVM CCCXXXI.","1","In Christi nomine. Super praedicto punco de appellatione consultus respondi, quo…","0208.xml","0208.xml","0208.xml"
"Baldo_Cons_Print_Venice_1575_v1","332","CCCXXXII","CONSILIVM CCCXXXII.","1","Religiosus factus executor cui acquirat. Testator permittit vxori vendere pro su…","0208.xml","0209.xml","0208.xml; 0209.xml"
"Baldo_Cons_Print_Venice_1575_v1","333","CCCXXXIII","CONSILIVM CCCXXXIII.","1","In Christi nomine. Ad intelligentiam sequendorum pramittendum quoddam indubitatu…","0209.xml","0210.xml","0209.xml; 0210.xml"
"Baldo_Cons_Print_Venice_1575_v1","334","CCCXXXIIII","CONSILIVM CCCXXXIIII.","1","In Christi nominne.","0210.xml","0211.xml","0210.xml; 0211.xml"
"Baldo_Cons_Print_Venice_1575_v1","335","CCCXXXV","CONSILIVM CCCXXXV.","1","In Christi nomine. Quędam mulier relicta vsufructuatia, cuiusdam fundi cessit ti…","0211.xml","0211.xml","0211.xml"
"Baldo_Cons_Print_Venice_1575_v1","336","CCCXXXVI","CONSILIVM CCCXXXVI.","1","In Christi nomine. bonae mulieris, cui in testamento quondam mariti sui fuit vsu…","0211.xml","0213.xml","0211.xml; 0212.xml; 0213.xml"
"Baldo_Cons_Print_Venice_1575_v1","337","CCCXXXVII","CONSILIVM CCCXXXVII.","1","In Christi nomine. et,","0213.xml","0215.xml","0213.xml; 0214.xml; 0215.xml"
"Baldo_Cons_Print_Venice_1575_v1","338","CCCXXXVIII","CONSILIVM CCCXXXVIII.","1","In Christi nomine. Ad euidentiam est praemittendum,","0215.xml","0216.xml","0215.xml; 0216.xml"
"Baldo_Cons_Print_Venice_1575_v1","339","CCCXXXIX","CONSILIVM CCCXXXIX.","1","In Christi nomine. Casus talis est: quędam indulgetuia escessa per dominum summu…","0216.xml","0217.xml","0216.xml; 0217.xml"
"Baldo_Cons_Print_Venice_1575_v1","340","CCCXL","CONSILIVM CCCXL.","1","In Christi nomine. Statuto Papiae caetur, quod si aliquis voluerit dicere, vel a…","0217.xml","0217.xml","0217.xml"
"Baldo_Cons_Print_Venice_1575_v1","341","CCCXLI","CONSILIVM CCCXLI.","1","†Maritus prędium In Christi nomine. dotale cuidam cocessit in emphyteosim titio,…","0217.xml","0218.xml","0217.xml; 0218.xml"
"Baldo_Cons_Print_Venice_1575_v1","342","CCCXLII","CONSILIVM CCCXLII.","1","In Christi nomine.","0218.xml","0219.xml","0218.xml; 0219.xml"
"Baldo_Cons_Print_Venice_1575_v1","343","CCCXLIII","CONSILIVM CCCXLIII.","1","Contractus per pactum, possunt recipere formam accidentalem. Interesse quid sit.…","0219.xml","0220.xml","0219.xml; 0220.xml"
"Baldo_Cons_Print_Venice_1575_v1","344","CCCXLIIII","CONSILIVM CCCXLIIII.","1","In Christi nomine.","0220.xml","0221.xml","0220.xml; 0221.xml"
"Baldo_Cons_Print_Venice_1575_v1","345","CCCXLV","CONSILIVM CCCXLV.","1","Petitorium, et possessorium ex priuilegio Principis oritur. PriviD. Baldi de Per…","0221.xml","0223.xml","0221.xml; 0222.xml; 0223.xml"
"Baldo_Cons_Print_Venice_1575_v1","346","CCCXLVI","CONSILIVM CCCXLVI.","1","In Christi nomine. Imperator concessit Tiuo. et heredibus eius. Modo ponamus, qu…","0223.xml","0223.xml","0223.xml"
"Baldo_Cons_Print_Venice_1575_v1","347","CCCXLVII","CONSILIVM CCCXLVII.","1","In Christi nomine. Quaero, quidam nobiles possideut castrum Imperii, et ipsum di…","0223.xml","0224.xml","0223.xml; 0224.xml"
"Baldo_Cons_Print_Venice_1575_v1","348","CCCLXVIII","CONSILIVM CCCLXVIII.","1","In Christi nomine. Factae fuerunt per Bontomeu. de Bonromeis literae tenoris inf…","0224.xml","0226.xml","0224.xml; 0225.xml; 0226.xml"
"Baldo_Cons_Print_Venice_1575_v1","349","CCCXLIX","CONSILIVM CCCXLIX.","1","In Cristi nomine. eauetur, quod nulla persona audeat quoquomodo alienare aliquas…","0226.xml","0227.xml","0226.xml; 0227.xml"
"Baldo_Cons_Print_Venice_1575_v1","350","CCCL","CONSILIVM CCCL","1","In Christi nomine.","0227.xml","0227.xml","0227.xml"
"Baldo_Cons_Print_Venice_1575_v1","351","CCCLI","CONSILIVM CCCLI.","1","In Christi nomine.","0227.xml","0228.xml","0227.xml; 0228.xml"
"Baldo_Cons_Print_Venice_1575_v1","352","CCCLII","CONSILIVM CCCLII.","1","In Christi nomine. habet suas singularitates, quae vocantur naturae: ea autem, q…","0228.xml","0229.xml","0228.xml; 0229.xml"
"Baldo_Cons_Print_Venice_1575_v1","353","CCCLIII","CONSILIVM CCCLIII.","1","In Christi nomine.","0229.xml","0230.xml","0229.xml; 0230.xml"
"Baldo_Cons_Print_Venice_1575_v1","354","CCCLIIII","CONSILIVM CCCLIIII.","1","† Item forma verbo In Christi nomine. tum que hic videtur personalissima: quia d…","0230.xml","0230.xml","0230.xml"
"Baldo_Cons_Print_Venice_1575_v1","355","CCCLV","CONSILIVM CCCLV.","1","Princeps renovare tenetur filiis priuilegium patris, alias facit eis iniuriam. D…","0230.xml","0231.xml","0230.xml; 0231.xml"
"Baldo_Cons_Print_Venice_1575_v1","357","CCCLVII","CONSILIVM CCCLVII.","1","† Statuto placentiae In Christi nomine. cauetur, god quieun que nixus fuerit adu…","0231.xml","0231.xml","0231.xml"
"Baldo_Cons_Print_Venice_1575_v1","358","CCCLVIII","CONSILIVM CCCLVIII.","1","In Christi nomine. Nulla mulier se nubat cum hereditate extra iurisditionem comm…","0231.xml","0232.xml","0231.xml; 0232.xml"
"Baldo_Cons_Print_Venice_1575_v1","358","CCCLVIII","CONSILIVM CCCLVIII.","1","In Christe nomine. quit in testaments certas possessiones quibusdam non subiecti…","0232.xml","0233.xml","0232.xml; 0233.xml"
"Baldo_Cons_Print_Venice_1575_v1","359","CCCLIX","CONSILIVM CCCLIX","1","In Christi nomine. Proponitur, quod inter agnatos, et spurios testatoris fuerunt…","0233.xml","0234.xml","0233.xml; 0234.xml"
"Baldo_Cons_Print_Venice_1575_v1","360","CCCLX","CONSILIVM CCCLX.","1","† Conclusio facti viIn Christi nomine. detur esse ista, Bancherius primo soluit …","0234.xml","0234.xml","0234.xml"
"Baldo_Cons_Print_Venice_1575_v1","361","CCCLXI","CONSILIVM CCCLXI.","1","In Christi nomine. Quidam rumor iam plutibus dieb. elapsis fuit factus in terra …","0234.xml","0235.xml","0234.xml; 0235.xml"
"Baldo_Cons_Print_Venice_1575_v1","362","CCCLXII","CONSILIVM CCCLXII.","1","In Christi nomine.","0235.xml","0235.xml","0235.xml"
"Baldo_Cons_Print_Venice_1575_v1","363","CCCLXIII","CONSILIVM CCCLXIII.","1","In Christi nomine.","0235.xml","0236.xml","0235.xml; 0236.xml"
"Baldo_Cons_Print_Venice_1575_v1","364","CCCLXIIII","CONSILIVM CCCLXIIII.","1","In Christi nomine.","0236.xml","0236.xml","0236.xml"
"Baldo_Cons_Print_Venice_1575_v1","365","CCCLXV","CONSILIVM CCCLXV.","1","In Christi nomine. ees","0236.xml","0236.xml","0236.xml"
"Baldo_Cons_Print_Venice_1575_v1","366","CCCLXVI","CONSILIVM CCCLXVI.","1","† Quaestio est, cum cIn Criste nomine. inquilinus migrauerit, seu recesserit non…","0236.xml","0237.xml","0236.xml; 0237.xml"
"Baldo_Cons_Print_Venice_1575_v1","367","CCCLXVII","CONSILIVM CCCLXVII.","1","† Ad euidentiam praeIn Christi nomine. mittendum est, ed nil nouari potest appel…","0237.xml","0237.xml","0237.xml"
"Baldo_Cons_Print_Venice_1575_v1","368","CCCLXVIII","CONSILIVM CCCLXVIII.","1","† Nunc venio ad meIn Christi nomine. tita causae principalis, ad ius patronatus,…","0237.xml","0237.xml","0237.xml"
"Baldo_Cons_Print_Venice_1575_v1","369","CCCLXIX","CONSILIVM CCCLXIX.","1","Confederationem faciens cum vno an possit se confederare cum eius inimico. In Ch…","0237.xml","0238.xml","0237.xml; 0238.xml"
"Baldo_Cons_Print_Venice_1575_v1","370","CCCLXX","CONSILIVM CCCLXX.","1","In Christi nomine. Magnifica, et lllusttis domina nostraDucissa Mediolani per su…","0238.xml","0238.xml","0238.xml"
"Baldo_Cons_Print_Venice_1575_v1","371","CCCLXXI","CONSILIVM CCCLXXI.","1","In Christi nomine. Masiolus inuestiuit Petrum titulo locationis vsque ad certum …","0238.xml","0238.xml","0238.xml"
"Baldo_Cons_Print_Venice_1575_v1","372","CCCLXXII","CONSILIVM CCCLXXII.","1","In Christi nomine. Dominus Ambrosius de medicis statuit, quod sacerdos, siue Cap…","0238.xml","0238.xml","0238.xml"
"Baldo_Cons_Print_Venice_1575_v1","373","CCCLXXIII","CONSILIVM CCCLXXIII.","1","In Christi nomine. Pręmittendum est, quo non ex masculo, et foemina nos in esse …","0238.xml","0240.xml","0238.xml; 0239.xml; 0240.xml"
"Baldo_Cons_Print_Venice_1575_v1","374","CCCLXXIIII","CONSILIVM CCCLXXIIII.","1","In Christi nomine. Verba in l. haeredes mei. §. cum ita. talia sunt, dic, aut tr…","0240.xml","0241.xml","0240.xml; 0241.xml"
"Baldo_Cons_Print_Venice_1575_v1","375","CCCLXXV","CCONSILIIVM CCCLXXV .","1","Beneficium legis secundae. C. de rescin. ven. habet etiam locum in incantu, seu …","0241.xml","0241.xml","0241.xml"
"Baldo_Cons_Print_Venice_1575_v1","376","CCCLXXVI","CONSILIVM CCCLXXVI.","1","In Christi nomine. Quaestio, super quam consilium petitur, subiicitur in termini…","0241.xml","0242.xml","0241.xml; 0242.xml"
"Baldo_Cons_Print_Venice_1575_v1","377","CCCLXXVII","CONSILIVM CCCLXXVII.","1","In Cristi nomine. inuestitum ab ababate Sancti Petri cum annulo aureo de quatuor…","0242.xml","0242.xml","0242.xml"
"Baldo_Cons_Print_Venice_1575_v1","378","CCCLXXVIII","Ad idem CONSILIVM CCCLXXVIII.","1","In Christi nomine. Sequitur aliud instrumentum factum anno 1319. die 27. Septemb…","0242.xml","0243.xml","0242.xml; 0243.xml"
"Baldo_Cons_Print_Venice_1575_v1","379","CCCLXXIX","CONSILIVM CCCLXXIX.","1","In Christi nomine. Sequitur, quod an. domini 1328. de mente Nlouemb. idem Abb. i…","0243.xml","0244.xml","0243.xml; 0244.xml"
"Baldo_Cons_Print_Venice_1575_v1","380","CCCLXXX","CONSILIVM CCCLXXX.","1","In Christi nomine. Pręmitto, quod ista uit uastio antiqua: an per pactum quis po…","0244.xml","0244.xml","0244.xml"
"Baldo_Cons_Print_Venice_1575_v1","381","CCCLXXXI","CONSILIVM CCCLXXXI.","1","In Christi nomine. Concessio arbitrii licet plenatie deber intelligi, hoc modo. …","0244.xml","0244.xml","0244.xml"
"Baldo_Cons_Print_Venice_1575_v1","382","CCCLXXXII","CONSILIVM CCCLXXXII..","1","In Christi nomine.","0244.xml","0245.xml","0244.xml; 0245.xml"
"Baldo_Cons_Print_Venice_1575_v1","383","CCCLXXXIII","CONSILIVM CCCLXXXIII.","1","In Christi nomine.","0245.xml","0246.xml","0245.xml; 0246.xml"
"Baldo_Cons_Print_Venice_1575_v1","384","CCCLXXXIIII","CONSILIVM CCCLXXXIIII.","1","In Christi nomine. Duo sunt videnda: prmo cum pater. et filia fecerint depositum…","0246.xml","0247.xml","0246.xml; 0247.xml"
"Baldo_Cons_Print_Venice_1575_v1","385","CCCLXXXV","CONSILIVM CCCLXXXV? dV.","1","In Christi nomine. Casus est talis, dominus lo. de Castel liano est vicarius gen…","0247.xml","0248.xml","0247.xml; 0248.xml"
"Baldo_Cons_Print_Venice_1575_v1","386","CCCLXXXVI","CONSILIVM CCCLXXXVI.","1","In Christi nomine. Proponitur, quod fraeer ex vtroque parete diuisit haereditate…","0248.xml","0248.xml","0248.xml"
"Baldo_Cons_Print_Venice_1575_v1","387","CCCLXXXVII","CONSILIVM CCCLXXXVII.","1","In Christi nomine.","0248.xml","0249.xml","0248.xml; 0249.xml"
"Baldo_Cons_Print_Venice_1575_v1","388","CCCLXXXVIII","CONSILIVM CCCLXXXVIII.","1","In Christi nomine.","0249.xml","0249.xml","0249.xml"
"Baldo_Cons_Print_Venice_1575_v1","389","CCCLXXXIX","CONSILIVM CCCLXXXIX.","1","In Christi nomine. Statuto cauetur, quod nullus audeat, vel praesumat facere ali…","0249.xml","0249.xml","0249.xml"
"Baldo_Cons_Print_Venice_1575_v1","390","CCCXC","CONSILIVM CCCXC.","1","In Christi nomine. Primo statuto cauetur, quod instantia causae principalis non …","0249.xml","0250.xml","0249.xml; 0250.xml"
"Baldo_Cons_Print_Venice_1575_v1","391","CCCXCI","CONSILIVM CCCXCI. .","1","In Christi nomine. instrumentum, quomodo communitas castri Barutii obligata cuid…","0250.xml","0250.xml","0250.xml"
"Baldo_Cons_Print_Venice_1575_v1","392","CCCXCII","CONSILIVM CCCXCII.","1","In Christi nomine. Anno 1371. Indi. nona. temporesam ctissimi in Christo patris,…","0250.xml","0251.xml","0250.xml; 0251.xml"
"Baldo_Cons_Print_Venice_1575_v1","393","CCCXCIII","CONSILIVM CCCXCIII.","1","In nomine Domini Amen. Punctus talis, videlicet, Titius Senensis dum habuisset l…","0251.xml","0252.xml","0251.xml; 0252.xml"
"Baldo_Cons_Print_Venice_1575_v1","394","CCCXCIIII","CONSILIVM CCCXCIIII.","1","†Stante statuto, quod denuntiantes receptatores ex bannitorum lucrentur certum: …","0252.xml","0252.xml","0252.xml"
"Baldo_Cons_Print_Venice_1575_v1","395","CCCXCV","CONSILIVM CCCXCV.","1","In nomine Domini Amen. Nobilis, et sapiens vir laudus filius quondam domini Anto…","0252.xml","0253.xml","0252.xml; 0253.xml"
"Baldo_Cons_Print_Venice_1575_v1","396","CCCXCVI","CONSILIVM CCCXCVI.","1","In Christi nomine. Amen. Casus talis est quidam dominus Leo decessit in anno dom…","0253.xml","0254.xml","0253.xml; 0254.xml"
"Baldo_Cons_Print_Venice_1575_v1","397","CCCXCVII","CONSILIVM CCCXCVII.","1","In Christi nomine. Amen Casus talis est, quaestio speratur inter dictam Bonam fo…","0254.xml","0255.xml","0254.xml; 0255.xml"
"Baldo_Cons_Print_Venice_1575_v1","398","CCCXCVIII","CONSILIVM CCCXCVIII.","1","In nomine Domini Amen. Quaestio talis vertitur inter Ioannem, et Ioannem germano…","0255.xml","0256.xml","0255.xml; 0256.xml"
"Baldo_Cons_Print_Venice_1575_v1","399","CCCXCIX","CONSILIVM CCCXCIX.","1","In Christi nomine. Amen","0256.xml","0256.xml","0256.xml"
"Baldo_Cons_Print_Venice_1575_v1","400","CCCC","ILIVM CCCC.  .","1","I Isti nomine. Amen. Quod Iacobus Aboleo quondam thesaurarius, et massarius magn…","0256.xml","0257.xml","0256.xml; 0257.xml"
"Baldo_Cons_Print_Venice_1575_v1","401","CCCLI","CONSILIVM CCCLI.","1","In Christi nomine. Amen. Ad euidentiam dicendorum praemittenda sunt quędam statu…","0257.xml","0258.xml","0257.xml; 0258.xml"
"Baldo_Cons_Print_Venice_1575_v1","402","CCCCII","CONSILIVM CCCCII.","1","In Christi nomine. Amen.","0258.xml","0259.xml","0258.xml; 0259.xml"
"Baldo_Cons_Print_Venice_1575_v1","403","CCCCIII","CONSILIVM CCCCIII","1","In Christi nomine Amen. Punctus talis est, vir prouidus dominus lo. q. do. Ant. …","0259.xml","0260.xml","0259.xml; 0260.xml"
"Baldo_Cons_Print_Venice_1575_v1","404","CCCCIIII","CONSILIVM CCCCIIII.","1","qui tempore mortis auvi a patre pręceditur, et an nato ex filio emancipato debea…","0260.xml","0261.xml","0260.xml; 0261.xml"
"Baldo_Cons_Print_Venice_1575_v1","405","CCCCV","CONSILIVM CCceV.","1","In Christi nomine. Amen. Ego Angelus de Castellione Aretino V. l. D. Archipresby…","0261.xml","0261.xml","0261.xml"
"Baldo_Cons_Print_Venice_1575_v1","406","CCCCVI","CONSILIVM CCCCVI.","1","In Christi nomine Amen. In causa Vincentij contra pacem primo est considerandum,","0261.xml","0261.xml","0261.xml"
"Baldo_Cons_Print_Venice_1575_v1","407","CCCCVII","CONSILIVM CCCCVII.","1","tur recepntum ad fine, vt quaeratur vxori titulus, et dominium. 12 Fideicom. an …","0261.xml","0263.xml","0261.xml; 0262.xml; 0263.xml"
"Baldo_Cons_Print_Venice_1575_v1","408","CCCCVIII","CONSILIVM CCCCVIII.","1","In Christi nomine. Quidam Ciuis Florentinus nomine Gregorius tanquam tractator s…","0263.xml","0265.xml","0263.xml; 0264.xml; 0265.xml"
"Baldo_Cons_Print_Venice_1575_v1","409","CCCCIX","CONSILIVM CCCCIX.","1","In Christi nomine. Concessus fuit salvus conductus rho mae, et Manfredo, et eoru…","0265.xml","0265.xml","0265.xml"
"Baldo_Cons_Print_Venice_1575_v1","410","CCCCX","CONSILIVM CCCCX.","1","In Christi nomine.","0265.xml","0266.xml","0265.xml; 0266.xml"
"Baldo_Cons_Print_Venice_1575_v1","411","CCCCXI","CONSILIVM CCCCXI.","1","In Christi nomine. Quidam Mediolaneu. habuit trer exores: ex prima nata fuit dom…","0266.xml","0267.xml","0266.xml; 0267.xml"
"Baldo_Cons_Print_Venice_1575_v1","412","CCCCXII","CONSILIVM CCCCXII.","1","In Christr nomine. cunt. s aliquis dictorum filiorum suorum esset dispositus ad …","0267.xml","0267.xml","0267.xml"
"Baldo_Cons_Print_Venice_1575_v1","413","CCCCXIII","CONSILIVM CCCCXIII...","1","In Christi nomine.","0267.xml","0268.xml","0267.xml; 0268.xml"
"Baldo_Cons_Print_Venice_1575_v1","414","CCCCXIIII","CONSILIVM CCCCXIIII.","1","In Christi nomine. Verba dicunt, quod planum pleno inre debeat remanere dicto An…","0268.xml","0268.xml","0268.xml"
"Baldo_Cons_Print_Venice_1575_v1","415","CCCCXV","CONSILIVM CCCCXV..","1","In Christi nomine. Praemittendum est ad euidentiam t gtitulo simplicis locationi…","0268.xml","0269.xml","0268.xml; 0269.xml"
"Baldo_Cons_Print_Venice_1575_v1","416","CCCCXVI","CONSILIVM CCCCXVI.","1","In Christi nomine. Nobilis vir do. Antonius deberet recipere a domino Philippo d…","0269.xml","0269.xml","0269.xml"
"Baldo_Cons_Print_Venice_1575_v1","417","CCCCXVII","CONSILIVM CCCCXVII.","1","In Christi nomine. Quidam vecturalis in Patisio promisi portare quasdam ballas p…","0269.xml","0270.xml","0269.xml; 0270.xml"
"Baldo_Cons_Print_Venice_1575_v1","418","CCCCXVIII","CONSILIVM CCCCXVIII.","1","In Christi nomine.","0270.xml","0270.xml","0270.xml"
"Baldo_Cons_Print_Venice_1575_v1","419","CCCCXIX","CONSILIVM CCCCXIX.","1","In Christi nomine. Ad euidentiam pręmutendum er, ecundum ex, qua proponuntus. do…","0270.xml","0270.xml","0270.xml"
"Baldo_Cons_Print_Venice_1575_v1","420","CCCLXX","CONSILIVM CCCLXX.","1","In Christi nomine. Verba principis Mo tieferrati dicunt: quę stionem, quae verti…","0270.xml","0272.xml","0270.xml; 0271.xml; 0272.xml"
"Baldo_Cons_Print_Venice_1575_v1","421","CCCCXXI","CONSILIVM CCCCXXI.","1","In Christi nomine.","0272.xml","0272.xml","0272.xml"
"Baldo_Cons_Print_Venice_1575_v1","422","CCCCXXII","CONSILIVM CCCCXXII.","1","In Christi nomine. In Ciuitate Alexandtiae talis est casus. Gregorius fuit confe…","0272.xml","0273.xml","0272.xml; 0273.xml"
"Baldo_Cons_Print_Venice_1575_v1","423","CCCCXXIII","CONSILIVM CCCCXXIII.","1","In Christi nomine. Verba testi dicunt instituit Nicolellum, Petrum, Henticum, Ia…","0273.xml","0273.xml","0273.xml"
"Baldo_Cons_Print_Venice_1575_v1","424","CCCCXXIIII","CONSILIVM CCCCXXIIII.","1","In hristi nomine. ptimo testamento sie dicunt: protestans dicta testatrix, quod …","0273.xml","0273.xml","0273.xml"
"Baldo_Cons_Print_Venice_1575_v1","425","CCCCXXV","CONSILIVM CCCCXXV.","1","In Christi nomine. Statuto venerabiIs collegii medicorum, et artistarum studij P…","0273.xml","0274.xml","0273.xml; 0274.xml"
"Baldo_Cons_Print_Venice_1575_v1","426","CCCCXXVI","CONSILIVM CCCCXXVI.","1","In Christi nomine.","0274.xml","0274.xml","0274.xml"
"Baldo_Cons_Print_Venice_1575_v1","427","CCCCXXVII","CONSILIVM CCCCXXVII.","1","In Christi nomine. In causa spectabilis militis dom Vetolini de Mandello visa se…","0274.xml","0274.xml","0274.xml"
"Baldo_Cons_Print_Venice_1575_v1","428","CCCCXXVIII","CONSILIVM CCCCXXVIII.","1","In Christi nomine. Delegatus apostolicus super collatione, et assignatione prior…","0274.xml","0275.xml","0274.xml; 0275.xml"
"Baldo_Cons_Print_Venice_1575_v1","429","CCCCXXIX","CONSIILIVM CCCCXXIX.","1","tum prodote, nomne. possedit quoddam feudum antiquum, et paternum per sessaginta…","0275.xml","0276.xml","0275.xml; 0276.xml"
"Baldo_Cons_Print_Venice_1575_v1","430","CCCCXXX","CONSILIVM CCCCXXX.","1","cui pater donauit propter dotem iurando, et constituendo sepossidere nomine fili…","0276.xml","0276.xml","0276.xml"
"Baldo_Cons_Print_Venice_1575_v1","431","CCCCXXXI","CONSILIVM CCCCXXXI.","1","In Christi nomine. Casus talis est, qui dam Titus egit brapothecaria contra extr…","0276.xml","0276.xml","0276.xml"
"Baldo_Cons_Print_Venice_1575_v1","432","CCCCXXXII","CONSILIVM CCCCXXXII.","1","In Christi nomine. Casus talis est, A. campsor public ciuitatis Papiae debitor p…","0276.xml","0277.xml","0276.xml; 0277.xml"
"Baldo_Cons_Print_Venice_1575_v1","433","CCCCXXXIII","CONSILIVM CCCCXXXIII.","1","In Christi nomine.","0277.xml","0277.xml","0277.xml"
"Baldo_Cons_Print_Venice_1575_v1","434","CCCCXXXIIII","CONSILIVM CCCCXXXIIII..","1","In Christi nomine. rdi nod. Pactum inter loca torem et conductorem sic loquitur.…","0277.xml","0278.xml","0277.xml; 0278.xml"
"Baldo_Cons_Print_Venice_1575_v1","435","CC CCXXX","CONSILIVM CC CCXXX.","1","In Christi nomine. una must. m. Proponitur, quod fuit factum quoddam pactum quod…","0278.xml","0278.xml","0278.xml"
"Baldo_Cons_Print_Venice_1575_v1","436","CCCCXXXVI","CONSILIVM CCCCXXXVI..","1","In Christi nomine. Quaeritur,","0278.xml","0279.xml","0278.xml; 0279.xml"
"Baldo_Cons_Print_Venice_1575_v1","437","CCCCXXXVII","CONSILIVM CCCCXXXVII.","1","In Christi nomine. iIbL2b","0279.xml","0280.xml","0279.xml; 0280.xml"
"Baldo_Cons_Print_Venice_1575_v1","438","CCSCXXXVIII","CONSILIVM CCSCXXXVIII","1","In Christi nomine. Praemittendum est id euidentiam, gd","0280.xml","0281.xml","0280.xml; 0281.xml"
"Baldo_Cons_Print_Venice_1575_v1","439","CCCCXXXIX","CONSILRVM CCCCXXXIX..","1","In Christi nomie. n Visis consiliis meis, abus diceba, t garbiter, et arbitrator…","0281.xml","0281.xml","0281.xml"
"Baldo_Cons_Print_Venice_1575_v1","440","CCLCXL","NSILIVM CCLCXL.IIu m","1","In Christi nomine Factum tale est, Ceebinus de collesmo habuit tres filias, unam…","0281.xml","0282.xml","0281.xml; 0282.xml"
"Baldo_Cons_Print_Venice_1575_v1","441","CCCCXLI","CONSILIVM CCCCXLI.","1","† trtdo In Christi nomine. Quidam magister grammatice ad eustodiam scholarum dim…","0282.xml","0282.xml","0282.xml"
"Baldo_Cons_Print_Venice_1575_v1","442","CCCCXLII","CONSLLIVM CCCCXLII.Vnbn","1","In Christi nomine. Verba ita dicunt, quod emetus: leneatur infra mensem tradere,…","0282.xml","0283.xml","0282.xml; 0283.xml"
"Baldo_Cons_Print_Venice_1575_v1","443","CCCCXLIII","CONSILIVM CCCCXLIII.","1","In Christi nomine. 11112 Quidam assessor fecit erecutione s. Titium, qui Titius …","0283.xml","0283.xml","0283.xml"
"Baldo_Cons_Print_Venice_1575_v1","444","CCCCXLIIII","VM CCCCXLIIII.","1","Ad euidentiam praeIn Christi nomine. mitendum est roaliud est contractus, et eiu…","0283.xml","0283.xml","0283.xml"
"Baldo_Cons_Print_Venice_1575_v1","445","CCCCXLV","CONSILIVM CCCCXLV.","1","In Christi nomine. Seyo ad vendendu pro ipso in Malo pannos auri: promisitque, q…","0283.xml","0284.xml","0283.xml; 0284.xml"
"Baldo_Cons_Print_Venice_1575_v1","446","CCCCXLVI","CONSILIVM CCCCXLVI.","1","In Christi nomine. Casus talis est, Gregotius de Matinetis de Ferraria, et Galeo…","0284.xml","0285.xml","0284.xml; 0285.xml"
"Baldo_Cons_Print_Venice_1575_v1","447","CCCCXLVII","CONSILIVM CCCCXLVII.","1","In Christi nomine.","0285.xml","0285.xml","0285.xml"
"Baldo_Cons_Print_Venice_1575_v1","448","CCCCXLVIII","CONSILIVM CCCCXLVIII.","1","sisset. et ff. de verbo. obli. l. cum stipulatus sim mihi a procu ¬ 2 Succedente…","0285.xml","0286.xml","0285.xml; 0286.xml"
"Baldo_Cons_Print_Venice_1575_v1","449","CCCCXLIX","CONSILIVM CCCCXLIX.","1","In Christi nomine.","0286.xml","0286.xml","0286.xml"
"Baldo_Cons_Print_Venice_1575_v1","450","CCCCL","CONSILIVM CCCCL.","1","In Christi nomine. Casus talis est, venerabilis vir dominus Ioan. canonicus maio…","0286.xml","0287.xml","0286.xml; 0287.xml"
"Baldo_Cons_Print_Venice_1575_v1","451","CCCCLI","CONSILIVM CCCCLI.","1","In Christi nomine. Nobilis marchio do. Bonifacius de Careto fecit quandam confes…","0287.xml","0287.xml","0287.xml"
"Baldo_Cons_Print_Venice_1575_v1","452","CCCCLII","CONSILIVM CCCCLII.","1","In Christi nomine. Statuto ciuitatis Mantuae sub ubrica de successionib. ab inte…","0287.xml","0289.xml","0287.xml; 0288.xml; 0289.xml"
"Baldo_Cons_Print_Venice_1575_v1","453","CCCCLIII","CONSILIVM CCCCLIII.","1","In Christi nomine. In nomine Saluatoris Nostri Domini Nostri lesu Christi, de cu…","0289.xml","0289.xml","0289.xml"
"Baldo_Cons_Print_Venice_1575_v1","454","CCCCLIIII","CONSILIVM CCCCLIIII.","1","Factum legis potentius est facto hominis. In Christi nomine. Quidam Io. decessit…","0289.xml","0290.xml","0289.xml; 0290.xml"
"Baldo_Cons_Print_Venice_1575_v1","455","CCCCLV","CONSILIVM CCCCLV.","1","In Christi nomine.","0290.xml","0291.xml","0290.xml; 0291.xml"
"Baldo_Cons_Print_Venice_1575_v1","456","CCCCLVI","SONSILIVM CCCCLVI.","1","In Christi nomine. Seya origine paterna Matuatia nupsit Titio originario Ciuitat…","0291.xml","0292.xml","0291.xml; 0292.xml"
"Baldo_Cons_Print_Venice_1575_v1","457","CCCCLVII","CONSILIVM CCCCLVII.","1","In Christi nomine. Reuerendus pater . dominusr. 1 3n a de mense Maii locauit Tit…","0292.xml","0293.xml","0292.xml; 0293.xml"
"Baldo_Cons_Print_Venice_1575_v1","458","CCCCLVIII","CONSILIVM CCCCLVIII.","1","In Christi nomine. Quidam emit quoddam praedium procentum: et nomine arrae dedit…","0293.xml","0294.xml","0293.xml; 0294.xml"
"Baldo_Cons_Print_Venice_1575_v1","459","CCCCLIX","CONSILIVM CCCCLIX.","1","In Christi nomine.","0294.xml","0294.xml","0294.xml"
"Baldo_Cons_Print_Venice_1575_v1","460","CCCCLX","CONSILIVM CCCCLX.","1","In Christi nomine. gana, quae Ciunat est conuentionata cum Ciuitate Ianuę, nulli…","0294.xml","0295.xml","0294.xml; 0295.xml"
"Baldo_Cons_Print_Venice_1575_v1","461","CCCCLXI","CONSILIVM CCCCLXI.","1","In Christi nomine. Inter Ioannem, et Alorsia socios calculata ratione sic res pr…","0295.xml","0296.xml","0295.xml; 0296.xml"
"Baldo_Cons_Print_Venice_1575_v1","462","CCCCLXII","CONSILIVM CCCCLXII.","1","In Christi nomine. post Lateranense cocilium decimae non possint concedi in feud…","0296.xml","0296.xml","0296.xml"
"Baldo_Cons_Print_Venice_1575_v1","463","CCCCLXIII","CONSILIVM CCCCLXIII.","1","† Quod sententia seIn Christi nomine. cuda dictorum sin dicorum non valeat, prob…","0296.xml","0296.xml","0296.xml"
"Baldo_Cons_Print_Venice_1575_v1","464","CCCCLXIIII","CONSILIVM CCCCLXIIII.","1","Praescriptio an permittatur in foro conscientiae: et an per hoc pertineat ad iud…","0296.xml","0298.xml","0296.xml; 0297.xml; 0298.xml"
"Baldo_Cons_Print_Venice_1575_v1","465","CCCCLXV","CONSILIVM CCCCLXV.","1","In Christi nomine. sunt duę congregationes licitae: vna ad adiuuandum oppressos,…","0298.xml","0298.xml","0298.xml"
"Baldo_Cons_Print_Venice_1575_v1","466","CCCCLXVI","CONSILIVM CCCCLXVI.","1","In Christi nomine. Andreas Feudatarius Episcopat: veron. renuntiauit in manibus …","0298.xml","0299.xml","0298.xml; 0299.xml"
"Baldo_Cons_Print_Venice_1575_v1","467","CCCCLXVII","CONSILIVM CCCCLXVII.","1","In Christi nomine.","0299.xml","0299.xml","0299.xml"
"Baldo_Cons_Print_Venice_1575_v1","468","CCCCLXVIII","CONSILIVM CCCCLXVIII.","1","In Christi nomine. Quidam Titius Bastatdus Sempronii fecit testamentum: in quo s…","0299.xml","0300.xml","0299.xml; 0300.xml"
"Baldo_Cons_Print_Venice_1575_v1","469","CCCCLXIX","CONSILIVM CCCCLXIX.","1","† Statuto cauetur, In Christi nomine. uo bona desunstiab intestato perueniant in…","0300.xml","0300.xml","0300.xml"
"Baldo_Cons_Print_Venice_1575_v1","470","CCCCL","CONSILIVM CCCCL.","1","In Christi nomine. oboiOi","0300.xml","0300.xml","0300.xml"
"Baldo_Cons_Print_Venice_1575_v1","471","CCCCLXXI","CONSILIVM CCCCLXXI.","1","In Christi nomine.","0300.xml","0300.xml","0300.xml"
"Baldo_Cons_Print_Venice_1575_v1","472","CCCCLXXII","CONSILIVM CCCCLXXII.","1","In Christi nomine. Statuto communis Papiae cauetur. e quando ducerentur aliquae …","0300.xml","0302.xml","0300.xml; 0301.xml; 0302.xml"
"Baldo_Cons_Print_Venice_1575_v1","473","473","Consilium 473. et 414.","1","In Christi nomine. id in cantum certas gabellas ciuitatis Ianuae per haec etc. v…","0302.xml","0302.xml","0302.xml"
"Baldo_Cons_Print_Venice_1575_v1","474","414","Consilium 473. et 414.","1","In Christi nomine. id in cantum certas gabellas ciuitatis Ianuae per haec etc. v…","0302.xml","0302.xml","0302.xml"
"Baldo_Cons_Print_Venice_1575_v1","475","CCCCLXXV","CONSILIVM CCCCLXXV.","1","Ecclesia si non est habilis ad restituendum expensas emphyteutae, potest renovar…","0302.xml","0303.xml","0302.xml; 0303.xml"
"Baldo_Cons_Print_Venice_1575_v1","476","CCCCLXXVI","CONSILIVM CCCCLXXVI.","1","In Christi nomine. Factum tale est, 1384. indictione g. die  5. mensis Aprilis. …","0303.xml","0304.xml","0303.xml; 0304.xml"
"Baldo_Cons_Print_Venice_1575_v1","477","CCCCLXXVII","CONSILIVM CCCCLXXVII.","1","In Christi nomine.","0304.xml","0305.xml","0304.xml; 0305.xml"
"Baldo_Cons_Print_Venice_1575_v1","478","CCCCLXXVIII","CONSILIVM CCCCLXXVIII.","1","In Christi nomine. Quidam Franciscolus condidit testamentum, in quo reliquit fil…","0305.xml","0305.xml","0305.xml"
"Baldo_Cons_Print_Venice_1575_v1","479","CCCCLXXIX","CONSILIVM CCCCLXXIX.","1","In Christi nomine. Factum, super quo consilium tequiti tur, sequitur in terminis…","0305.xml","0306.xml","0305.xml; 0306.xml"
"Baldo_Cons_Print_Venice_1575_v1","480","CCCCLXXX","CONSILIVM CCCCLXXX.","1","In Christi nomine. Testator instituit extraneos, et inssit quandam capellam cons…","0306.xml","0307.xml","0306.xml; 0307.xml"
"Baldo_Cons_Print_Venice_1575_v1","481","CCCCLXXXI","CONSILIVM CCCCLXXXI.","1","In Christi nomine. Vertente quęstione intiuditionis cuius dam territorii, necnon…","0307.xml","0308.xml","0307.xml; 0308.xml"
"Baldo_Cons_Print_Venice_1575_v1","482","CCCCLXXXII","CONSILIVM CCCCLXXXII.","1","In Christi nomine. mini Marchiones Ceuę venerunt ad diuisionem nonnullorum Castr…","0308.xml","0309.xml","0308.xml; 0309.xml"
"Baldo_Cons_Print_Venice_1575_v1","483","CCCCLXXXIIII","CONSILIVM CCCCLXXXIIII.","1","In Christi nomine. Magnificus dominus Nannus Marchio Ceuę vendidit nonnulla Cast…","0309.xml","0310.xml","0309.xml; 0310.xml"
"Baldo_Cons_Print_Venice_1575_v1","484","CCCCLXXXIIII","CONSILIVM CCCCLXXXIIII.","1","In Christi nomine. Quidam in minori bus castitutus getsit quandam praeposituram …","0310.xml","0310.xml","0310.xml"
"Baldo_Cons_Print_Venice_1575_v1","485","CCCCLXXXV","CONSILIVM CCCCLXXXV.","1","In Christi nomine. Statuto ciuitatis Cumatu cauetur in sarma, quae fequitur. Ite…","0310.xml","0311.xml","0310.xml; 0311.xml"
"Baldo_Cons_Print_Venice_1575_v1","486","CCCCLXXXVI","CONSILIVM CCCCLXXXVI.","1","In Christi nomine. Quidam do. Brasia nus habuit duos filios scilicet Bartholomeu…","0311.xml","0312.xml","0311.xml; 0312.xml"
"Baldo_Cons_Print_Venice_1575_v1","487","CCCCLXXXVII","CONSILIVM CCCCLXXXVII.","1","In Christi nomine. Apparet, quoddam instrumentum, quo cauetur, quod uendidi Titi…","0312.xml","0312.xml","0312.xml"
"Baldo_Cons_Print_Venice_1575_v1","488","CCCCLXXXVIII","CONSLLIVM CCCCLXXXVIII.","1","An praescribat, si acceperit insolutum pro dote sua de bonis ma157 Consilia. nis…","0312.xml","0313.xml","0312.xml; 0313.xml"
"Baldo_Cons_Print_Venice_1575_v1","489","CCCCLXXXIX","CONSILIVM CCCCLXXXIX.","1","In Christi nomine. Proponitur, quod quidam Hector rectarius tempore vitae suę, e…","0313.xml","0314.xml","0313.xml; 0314.xml"
"Baldo_Cons_Print_Venice_1575_v1","490","CCCCXC","CONSILIVM CCCCXC.","1","Casus omissus in dispensatione an habeatur pro omisso. In Christi nomine. Propon…","0314.xml","0314.xml","0314.xml"
"Baldo_Cons_Print_Venice_1575_v1","491","CCCCXCI","CONSILIVM CCCCXCI.","1","Pronomen, eis, signiacat substantiam, et qualitatem. Gratia specialis maior est,…","0314.xml","0315.xml","0314.xml; 0315.xml"
"Baldo_Cons_Print_Venice_1575_v1","492","CCCCXCII","CONSILIVM CCCCXCII.","1","In Christi nomine.","0315.xml","0315.xml","0315.xml"
"Baldo_Cons_Print_Venice_1575_v1","493","CCCCXCIII","CONSILIVM CCCCXCIII.","1","In Christi nomine Ameni.","0315.xml","0317.xml","0315.xml; 0316.xml; 0317.xml"
"Baldo_Cons_Print_Venice_1575_v1","494","CCCCXCIIII","CONSILIVM CCCCXCIIII.","1","In Christi nomine Amen. Sciendum est, quod moneta dicitur falsa ex tribus causis…","0317.xml","0317.xml","0317.xml"
"Baldo_Cons_Print_Venice_1575_v1","495","CCCCXCV","CONSILIVM CCCCXCV.","1","In Christi nomine. Amen. Ex nullo capite statuti venditor incidit in legem commi…","0317.xml","0318.xml","0317.xml; 0318.xml"
"Baldo_Cons_Print_Venice_1575_v1","496","CCCCXCVI","CONSILIVM CCCCXCVI.","1","Restitutio dotis filiae, cui actio ex stipulatione competere non poterat, quomod…","0318.xml","0320.xml","0318.xml; 0319.xml; 0320.xml"
"Baldo_Cons_Print_Venice_1575_v1","497","CCCCXCVII","CONSILIVM CCCCXCVII.","1","In Christi nomine Amen.","0320.xml","0321.xml","0320.xml; 0321.xml"
"Baldo_Cons_Print_Venice_1575_v1","498","CCCCXCVIII","CONSILIVM CCCCXCVIII. onII","1","In Christi nomine. Amen.","0321.xml","0321.xml","0321.xml"
"Baldo_Cons_Print_Venice_1575_v1","499","CCCCXCIX","CONSILIVM CCCCXCIX.","1","Coram uobis dno. dino Petro de Mathatatis dei, et apostolicae sedis gratia archi…","0321.xml","0322.xml","0321.xml; 0322.xml"
"Baldo_Cons_Print_Venice_1575_v1","500","CCCCC","CONSILIVM CCCCC.","1","In Christi nomine Amen. In quaestione, qua quaeritur, vtrum communitates Farrae,…","0322.xml","0323.xml","0322.xml; 0323.xml"
"Baldo_Cons_Print_Venice_1575_v4","0","?","CNISIVS.","1","peruiuente sibi Andreola eius filia. postea iste Cirisciolus condidit testamentu…","page_087.xml","page_087.xml","page_087.xml"
"Baldo_Cons_Print_Venice_1575_v4","0","?","S TRVM","1","Prater P. Tetiones. nulndue22aa .Inal. IaIohIIa . nnen ra munibrtaqma to, eu","page_234.xml","page_234.xml","page_234.xml"
"Baldo_Cons_Print_Venice_1575_v4","1","PRIMVM","CONSILIVM PRIMVM.","1","N Christi Nomine Amen. Punctus, super quo consilium postulatur, talis est. Cum q…","page_003.xml","page_004.xml","page_003.xml; page_004.xml"
"Baldo_Cons_Print_Venice_1575_v4","2","?","CONSILIVM","1","Petens curatorem fundat originem primo ex aetate, ideo eam probare tenetur. Nomi…","page_004.xml","page_004.xml","page_004.xml"
"Baldo_Cons_Print_Venice_1575_v4","3","III","CONSILIVM III.","1","In Christi Nomine Amen.","page_004.xml","page_004.xml","page_004.xml"
"Baldo_Cons_Print_Venice_1575_v4","4","IIII","CONSILIVM IIII.","1","In Christi Nomine Amen. In causa Basilii filii procuratoris do. Cęchę plura occu…","page_004.xml","page_005.xml","page_004.xml; page_005.xml"
"Baldo_Cons_Print_Venice_1575_v4","5","?","CONSILIVM","1","In Christi Nomine Amen. Factum est tale.","page_005.xml","page_005.xml","page_005.xml"
"Baldo_Cons_Print_Venice_1575_v4","6","VI","CONSILIVM VI.","1","In Christi Nomine Amen. rI. II. Viso testamento Bartolucii, et institutione haer…","page_005.xml","page_005.xml","page_005.xml"
"Baldo_Cons_Print_Venice_1575_v4","7","VII","CONSILIVM VII.","1","In Christi Nomine Amen. Factum, super quo consilium petitur exhiberi, tale est. …","page_005.xml","page_006.xml","page_005.xml; page_006.xml"
"Baldo_Cons_Print_Venice_1575_v4","8","VIII","CONSILIVM VIII.","1","In Christi Nomine. Amen. Si","page_006.xml","page_006.xml","page_006.xml"
"Baldo_Cons_Print_Venice_1575_v4","9","IX","CONSILIVM IX.","1","In Christi Nomine Amen.","page_006.xml","page_007.xml","page_006.xml; page_007.xml"
"Baldo_Cons_Print_Venice_1575_v4","10","X","CONSILIVM X.","1","In Nomine Domini Amen. Punctus quęstionis talis est. proponitur per Berleopardum…","page_007.xml","page_007.xml","page_007.xml"
"Baldo_Cons_Print_Venice_1575_v4","11","XI","CONSILIVM XI.","1","In Christi Nomine Amen.","page_007.xml","page_008.xml","page_007.xml; page_008.xml"
"Baldo_Cons_Print_Venice_1575_v4","12","XII","CONSILIVM XII.","1","In Christi Nomine Amen.","page_008.xml","page_008.xml","page_008.xml"
"Baldo_Cons_Print_Venice_1575_v4","13","XIII","CONSILIVM XIII.","1","In Christi Nomine Amen.","page_008.xml","page_008.xml","page_008.xml"
"Baldo_Cons_Print_Venice_1575_v4","14","XIIII","CONSILIVM XIIII.","1","Cancellatio an noceat in aedicto diui. Adriani tollendo.1. In Christi Nomine Ame…","page_008.xml","page_009.xml","page_008.xml; page_009.xml"
"Baldo_Cons_Print_Venice_1575_v4","15","XV","CONSIILIVM XV.","1","In Christi Nomine Amen.","page_009.xml","page_009.xml","page_009.xml"
"Baldo_Cons_Print_Venice_1575_v4","16","XVI","CONSILIVM XVI.","1","In Dei Nomine me Eiusque Matris SanctissiMatie V rginis olorio sę, totiusque coe…","page_009.xml","page_010.xml","page_009.xml; page_010.xml"
"Baldo_Cons_Print_Venice_1575_v4","17","?","CONSILIVM","1","In Christi Nomine Amen. Super legitimatione Michaelis, qui dicitur a Campanea fa…","page_010.xml","page_011.xml","page_010.xml; page_011.xml"
"Baldo_Cons_Print_Venice_1575_v4","18","XVIII","CONSILIVM XVIII.","1","In priuilegiis non sufficit clausula derogatoria ll. nisi exprimam tur aliquę le…","page_011.xml","page_014.xml","page_011.xml; page_012.xml; page_013.xml; page_014.xml"
"Baldo_Cons_Print_Venice_1575_v4","19","XIX","CONSILIVM XIX.","1","In Christi Nomine Amen. Factum sic proponitur. Duo fratres vnus vocatus dominus …","page_014.xml","page_015.xml","page_014.xml; page_015.xml"
"Baldo_Cons_Print_Venice_1575_v4","20","XX","CONSILIVM XX.","1","In Dei nomine Amen.","page_015.xml","page_015.xml","page_015.xml"
"Baldo_Cons_Print_Venice_1575_v4","21","XXI","CONSILIVM XXI.","1","In Nomine Domini Amen. Punctus quaestionis vertentis coram venerabili viro do. F…","page_015.xml","page_016.xml","page_015.xml; page_016.xml"
"Baldo_Cons_Print_Venice_1575_v4","22","?","CONSILIM XXII.","1","In Nomine Domini Amen. Punctus quaestionis, super quo consilium iuris postulatur…","page_016.xml","page_017.xml","page_016.xml; page_017.xml"
"Baldo_Cons_Print_Venice_1575_v4","23","XXIII","CONSILIVM XXIII.","1","In Christi Nomine Amen.","page_017.xml","page_017.xml","page_017.xml"
"Baldo_Cons_Print_Venice_1575_v4","24","XXIIII","CONSILIVM XXIIII.","1","In Christi Nomine Amen.","page_017.xml","page_017.xml","page_017.xml"
"Baldo_Cons_Print_Venice_1575_v4","25","XXV","CONSILIVM XXV.","1","In Christi Nomine Amen.","page_017.xml","page_018.xml","page_017.xml; page_018.xml"
"Baldo_Cons_Print_Venice_1575_v4","26","XXV","CONSILIVM XXV.","1","muni habitantes perceperunt ipsos, an sint in diuisione communicandi. Bona ratio…","page_018.xml","page_019.xml","page_018.xml; page_019.xml"
"Baldo_Cons_Print_Venice_1575_v4","27","XXVII","CONSILIVM XXVII.","1","In Christi Nomine Amen. Ad dictum condemnatum dicta successio non videtur pertin…","page_019.xml","page_019.xml","page_019.xml"
"Baldo_Cons_Print_Venice_1575_v4","28","XXVIII","CONSILIVM XXVIII.","1","In Christi Nomine Amen.","page_019.xml","page_020.xml","page_019.xml; page_020.xml"
"Baldo_Cons_Print_Venice_1575_v4","29","XXIX","CONSILIVM XXIX.","1","In Christi Nomine Amen.","page_020.xml","page_020.xml","page_020.xml"
"Baldo_Cons_Print_Venice_1575_v4","30","XXX","CONSILIVM XXX.","1","In Christi Nomine Amen. Viso statuto, apparet mihi quod de attentatione non pote…","page_020.xml","page_020.xml","page_020.xml"
"Baldo_Cons_Print_Venice_1575_v4","31","?","CONSILIM XXXI.","1","In Christi Nomine Amen.","page_020.xml","page_020.xml","page_020.xml"
"Baldo_Cons_Print_Venice_1575_v4","32","XXXII","CONSILIVM XXXII.","1","In Christi Nomine. Amen.","page_020.xml","page_021.xml","page_020.xml; page_021.xml"
"Baldo_Cons_Print_Venice_1575_v4","33","XXXIII","CONSILIVM XXXIII.","1","In Christi Nomine Amen.","page_021.xml","page_021.xml","page_021.xml"
"Baldo_Cons_Print_Venice_1575_v4","34","XXXIIII","CONSILIVM XXXIIII.","1","In Christi Nomine Amen.","page_021.xml","page_021.xml","page_021.xml"
"Baldo_Cons_Print_Venice_1575_v4","35","XXXV","CONSILIVM XXXV.","1","In Christi Nomine Amen. Tria sunt considetanda.","page_021.xml","page_021.xml","page_021.xml"
"Baldo_Cons_Print_Venice_1575_v4","36","XXXVI","CONSILIVM XXXVI.","1","Iudicaturus debet inhaerere in dubiis ęquitati naturali, uerbalegis patiuntur. I…","page_021.xml","page_022.xml","page_021.xml; page_022.xml"
"Baldo_Cons_Print_Venice_1575_v4","37","XXXVII","CONSILIVM XXXVII.","1","In Christi Nomine. Amen.","page_022.xml","page_022.xml","page_022.xml"
"Baldo_Cons_Print_Venice_1575_v4","38","XXXVIII","CONSILIVM XXXVIII.","1","In Christi Nomine Amen.","page_022.xml","page_023.xml","page_022.xml; page_023.xml"
"Baldo_Cons_Print_Venice_1575_v4","39","XXXIX","CONSILIVM XXXIX.","1","In Christi Nomine Amen.","page_023.xml","page_024.xml","page_023.xml; page_024.xml"
"Baldo_Cons_Print_Venice_1575_v4","40","XL","CONSILIVM XL.","1","In Christi Nomine Amen. Imperator habet Imperatoriam maiestatem vbique, quia mai…","page_024.xml","page_024.xml","page_024.xml"
"Baldo_Cons_Print_Venice_1575_v4","41","XLI","CONSILIVM XLI.","1","In Christi Nomine Amen.","page_024.xml","page_024.xml","page_024.xml"
"Baldo_Cons_Print_Venice_1575_v4","42","XLII","CONSILIVM XLII.","1","In Christi Nomine Amen. In legitima non possunt filii grauari, etiam si testamen…","page_024.xml","page_025.xml","page_024.xml; page_025.xml"
"Baldo_Cons_Print_Venice_1575_v4","43","XLIII","CONSILIVM XLIII.","1","In Christi Nomine Amen.","page_025.xml","page_025.xml","page_025.xml"
"Baldo_Cons_Print_Venice_1575_v4","44","XLIIII","CONSILIVM XLIIII.","1","In Christi Nomine Amen.","page_025.xml","page_025.xml","page_025.xml"
"Baldo_Cons_Print_Venice_1575_v4","45","XLV","CONSILIVM XLV","1","In Christi Nomine Amen.","page_025.xml","page_026.xml","page_025.xml; page_026.xml"
"Baldo_Cons_Print_Venice_1575_v4","46","XLVI","CONSILIVM XLVI.","1","In Christi Nomine Amen.","page_026.xml","page_026.xml","page_026.xml"
"Baldo_Cons_Print_Venice_1575_v4","47","XLVII","CONSILIVM XLVII.","1","In Christi Nomine Amen.","page_026.xml","page_027.xml","page_026.xml; page_027.xml"
"Baldo_Cons_Print_Venice_1575_v4","48","XLVIII","CONSILIVM XLVIII.","1","In Christi Nomine Amen. Quia verba generalia non possunt restringi, nisi interue…","page_027.xml","page_027.xml","page_027.xml"
"Baldo_Cons_Print_Venice_1575_v4","49","XLIX","CONSILIVM XLIX.","1","In Christi Nomine. Amen.","page_027.xml","page_027.xml","page_027.xml"
"Baldo_Cons_Print_Venice_1575_v4","50","L","CONSILIVM L.","1","In Christi Nomine Amen. Ista q. pendebat ex intellectu tex. glossarum. ff. de so…","page_027.xml","page_028.xml","page_027.xml; page_028.xml"
"Baldo_Cons_Print_Venice_1575_v4","51","LI","CONSILIVM LI.","1","In Christi Nomine Amen.","page_028.xml","page_028.xml","page_028.xml"
"Baldo_Cons_Print_Venice_1575_v4","52","LII","CONSILIVM LII.","1","In Christi Nomine Amen.","page_028.xml","page_029.xml","page_028.xml; page_029.xml"
"Baldo_Cons_Print_Venice_1575_v4","53","LIII","CONSILIVM LIII.","1","In Christi Nomine Amen.","page_029.xml","page_029.xml","page_029.xml"
"Baldo_Cons_Print_Venice_1575_v4","54","LIIII","CONSILIVM LIIII .","1","In Christi Nomine Amen.","page_029.xml","page_029.xml","page_029.xml"
"Baldo_Cons_Print_Venice_1575_v4","55","LV","CONSILIVM LV","1","In Christi Nomine Amen.","page_029.xml","page_030.xml","page_029.xml; page_030.xml"
"Baldo_Cons_Print_Venice_1575_v4","57","LVII","CONSILIVM LVII.","1","In Christi Nomine Amen.","page_030.xml","page_031.xml","page_030.xml; page_031.xml"
"Baldo_Cons_Print_Venice_1575_v4","58","LVIII","CONSILIVM LVIII.","1","In Christi Nomine Amen.","page_031.xml","page_032.xml","page_031.xml; page_032.xml"
"Baldo_Cons_Print_Venice_1575_v4","59","LIX","CONSILIVM LIX","1","filio hęrede instit. et ei dato substi, si contingat, quod filius moriatur, mate…","page_032.xml","page_032.xml","page_032.xml"
"Baldo_Cons_Print_Venice_1575_v4","60","LX","CONSILIVM LX.","1","In Christi Nomine. Amen.","page_032.xml","page_033.xml","page_032.xml; page_033.xml"
"Baldo_Cons_Print_Venice_1575_v4","61","LXI","CONSILIVM LXI.","1","In Christi Nomine Amen.","page_033.xml","page_035.xml","page_033.xml; page_034.xml; page_035.xml"
"Baldo_Cons_Print_Venice_1575_v4","62","LXII","CONSILIVM LXII.","1","In Christi Nomine Amen.","page_035.xml","page_035.xml","page_035.xml"
"Baldo_Cons_Print_Venice_1575_v4","63","LXIII","CONSILIVM LXIII.","1","In Christi Nomine Amen.","page_035.xml","page_036.xml","page_035.xml; page_036.xml"
"Baldo_Cons_Print_Venice_1575_v4","64","LXIIII","CONSILIVM LXIIII.","1","In Christi Nomine Amen.","page_036.xml","page_036.xml","page_036.xml"
"Baldo_Cons_Print_Venice_1575_v4","65","LXV","CONSILIVM LXV.","1","In Christi Nomine Amen. Videamus, quae societas est ista.","page_036.xml","page_036.xml","page_036.xml"
"Baldo_Cons_Print_Venice_1575_v4","66","LXVI","CONSILIVM LXVI.","1","In Christi Nomine Amen. Considerato themate prima pars thematis respicit primam …","page_036.xml","page_037.xml","page_036.xml; page_037.xml"
"Baldo_Cons_Print_Venice_1575_v4","67","LXVII","CONSILIVM LXVII.","1","In Christi Nomine Amen.","page_037.xml","page_037.xml","page_037.xml"
"Baldo_Cons_Print_Venice_1575_v4","68","LXVIII","CONSILIVM LXVIII.","1","In Christi Nomine Amen. Primum legatum massaritiarum pertinet ad Franciscum sine…","page_037.xml","page_037.xml","page_037.xml"
"Baldo_Cons_Print_Venice_1575_v4","69","LXIX","CONSILIVM LXIX.","1","In Christi Nomine Amen.","page_037.xml","page_038.xml","page_037.xml; page_038.xml"
"Baldo_Cons_Print_Venice_1575_v4","70","LXX","CONSILIVM LXX.","1","In Christi Nomine Amen.","page_038.xml","page_038.xml","page_038.xml"
"Baldo_Cons_Print_Venice_1575_v4","71","LXXI","CONSILIVM LXXI.","1","In Christi Nomine Amen.","page_038.xml","page_039.xml","page_038.xml; page_039.xml"
"Baldo_Cons_Print_Venice_1575_v4","72","?","CONSILIM LXXII.","1","In Christi Nomine Amen. De inre ciuili ista quaestio est determinata in l. fi. §…","page_039.xml","page_039.xml","page_039.xml"
"Baldo_Cons_Print_Venice_1575_v4","73","LXXIII","CONSILIVM LXXIII.","1","In Christi Nomine Amen.","page_039.xml","page_039.xml","page_039.xml"
"Baldo_Cons_Print_Venice_1575_v4","74","LXXIIII","CONSILIVM LXXIIII.","1","In Christi Nomine Amen.","page_039.xml","page_039.xml","page_039.xml"
"Baldo_Cons_Print_Venice_1575_v4","75","LXXV","CONSILIVM LXXV.","1","In Christi Nomine Amen.","page_039.xml","page_040.xml","page_039.xml; page_040.xml"
"Baldo_Cons_Print_Venice_1575_v4","76","LXXVI","CONSILIVM LXXVI.","1","In Christi Nomine. Amne.","page_040.xml","page_040.xml","page_040.xml"
"Baldo_Cons_Print_Venice_1575_v4","77","LXXVII","CONSILIVM LXXVII.","1","In Christi Nomine Amen.","page_040.xml","page_040.xml","page_040.xml"
"Baldo_Cons_Print_Venice_1575_v4","78","LXXVIII","CONSILIVM LXXVIII.","1","In Christi Nomine Amen.","page_040.xml","page_040.xml","page_040.xml"
"Baldo_Cons_Print_Venice_1575_v4","79","LXXIX","CONSILIVM LXXIX.","1","In Christi Nomine Amen.","page_040.xml","page_040.xml","page_040.xml"
"Baldo_Cons_Print_Venice_1575_v4","80","LXXX","CONSILIVM LXXX.","1","In Christi Nomine Amen. Decedentibus tamen Vannutii proximioribus loquitur testa…","page_040.xml","page_041.xml","page_040.xml; page_041.xml"
"Baldo_Cons_Print_Venice_1575_v4","81","LXXXI","CONSILIVM LXXXI.","1","In Christi Nomine Amen.","page_041.xml","page_041.xml","page_041.xml"
"Baldo_Cons_Print_Venice_1575_v4","82","LXXXII","CONSILIVM LXXXII.","1","In Christi Nomine Amen.","page_041.xml","page_042.xml","page_041.xml; page_042.xml"
"Baldo_Cons_Print_Venice_1575_v4","83","LXXXIII","CONSILIVM LXXXIII.","1","In Christi Nomine Amen.","page_042.xml","page_042.xml","page_042.xml"
"Baldo_Cons_Print_Venice_1575_v4","84","LXXXIIII","CONSILIVM LXXXIIII.","1","† ett primo videndum, an dictum testament valeat. et videtur, quod non, quia vt …","page_042.xml","page_042.xml","page_042.xml"
"Baldo_Cons_Print_Venice_1575_v4","85","LXXXV","CONSILIVM LXXXV.","1","In Christi Nomine Amen.","page_042.xml","page_043.xml","page_042.xml; page_043.xml"
"Baldo_Cons_Print_Venice_1575_v4","86","LXXXVI","CONSILIVM LXXXVI.","1","In Christi Nomine Amen.","page_043.xml","page_043.xml","page_043.xml"
"Baldo_Cons_Print_Venice_1575_v4","87","LXXXVII","CONSILIVM LXXXVII.","1","In Christi Nomine Amen.","page_043.xml","page_044.xml","page_043.xml; page_044.xml"
"Baldo_Cons_Print_Venice_1575_v4","89","LXXXIX","CONSILIVM LXXXIX.","1","In Christi Nomine Amen.","page_044.xml","page_044.xml","page_044.xml"
"Baldo_Cons_Print_Venice_1575_v4","90","XC","CONSILIVM XC.","1","In Christi Nomine Amen.","page_044.xml","page_044.xml","page_044.xml"
"Baldo_Cons_Print_Venice_1575_v4","91","XCI","CONSILIVM XCI.","1","In Christi Nomine Amen.","page_044.xml","page_045.xml","page_044.xml; page_045.xml"
"Baldo_Cons_Print_Venice_1575_v4","92","XCII","CONSILIVM XCII.","1","Viuente vsufructuaria non possunt vendi bona, nisi quo ad nudam proprietatem, et…","page_045.xml","page_045.xml","page_045.xml"
"Baldo_Cons_Print_Venice_1575_v4","93","XCIII","CONSILIVM XCIII.","1","† praedicto puncto, et stat. prędictis dico secundum VIlo formam primorum iurium…","page_045.xml","page_045.xml","page_045.xml"
"Baldo_Cons_Print_Venice_1575_v4","94","XCIIII","CONSILIVM XCIIII.","1","In Christi Nomine Amen. Sciendum est, quod interdum dos repetitur ex prouidentia…","page_045.xml","page_046.xml","page_045.xml; page_046.xml"
"Baldo_Cons_Print_Venice_1575_v4","95","XCV","CONSILIVM XCV.","1","Dispo sitioni statuti an possit renuntiari, qui resultat, et contrario sensu. St…","page_046.xml","page_047.xml","page_046.xml; page_047.xml"
"Baldo_Cons_Print_Venice_1575_v4","96","XCVI","CONSILIVM XCVI.","1","In Christi Nomine Amen. Hic plura occutrunt dubia,","page_047.xml","page_047.xml","page_047.xml"
"Baldo_Cons_Print_Venice_1575_v4","97","XCVII","CONSILIVM XCVII.","1","In Christi Nomine Amen.","page_047.xml","page_048.xml","page_047.xml; page_048.xml"
"Baldo_Cons_Print_Venice_1575_v4","98","XCVIII","CONSILIVM XCVIII.","1","In Christi Nomine Amen.","page_048.xml","page_048.xml","page_048.xml"
"Baldo_Cons_Print_Venice_1575_v4","99","XCIX","CONSILIVM XCIX.","1","In Christi Nomine Amen.","page_048.xml","page_048.xml","page_048.xml"
"Baldo_Cons_Print_Venice_1575_v4","100","C","CONSILIVM C.","1","uit, et sic socii sint liberati, an possit agere contra socium, proquo non fidei…","page_048.xml","page_049.xml","page_048.xml; page_049.xml"
"Baldo_Cons_Print_Venice_1575_v4","101","CI","CONSILIVM CI.","1","In Christi Nomine Amen.","page_049.xml","page_050.xml","page_049.xml; page_050.xml"
"Baldo_Cons_Print_Venice_1575_v4","102","CII","CONSILIVM CII.","1","In Christi Nomine Amen.","page_050.xml","page_051.xml","page_050.xml; page_051.xml"
"Baldo_Cons_Print_Venice_1575_v4","103","CIII","CONSILIVM CIII.","1","In Christi Nomine Amen.","page_051.xml","page_052.xml","page_051.xml; page_052.xml"
"Baldo_Cons_Print_Venice_1575_v4","104","CIIII","CONSILIVM CIIII.","1","In Christi Nomine Amen.","page_052.xml","page_053.xml","page_052.xml; page_053.xml"
"Baldo_Cons_Print_Venice_1575_v4","105","CV","CONSILIVM CV.","1","In Christi Nomine Amen.","page_053.xml","page_054.xml","page_053.xml; page_054.xml"
"Baldo_Cons_Print_Venice_1575_v4","106","CVI","CONSILIVM CVI.","1","Tempore nundinarum quis capi non potest vigore represaliaruIn Christi Nomine Ame…","page_054.xml","page_054.xml","page_054.xml"
"Baldo_Cons_Print_Venice_1575_v4","107","CVII","CONSILIVM CVII.","1","Legati habent securitatem a iuregentium in eundo, stando, et redeundo. In Christ…","page_054.xml","page_055.xml","page_054.xml; page_055.xml"
"Baldo_Cons_Print_Venice_1575_v4","108","CVIII","CONSILIVM CVIII.","1","In Christi Nomine Amen.","page_055.xml","page_055.xml","page_055.xml"
"Baldo_Cons_Print_Venice_1575_v4","109","CIX","CONSILIVM CIX","1","In Christi Nomine. Amen.","page_055.xml","page_055.xml","page_055.xml"
"Baldo_Cons_Print_Venice_1575_v4","110","CX","CONSILIVM CX.","1","In Christi Nomine Amen. Consideranda est obligatio, quae actionem fideiussori pa…","page_055.xml","page_055.xml","page_055.xml"
"Baldo_Cons_Print_Venice_1575_v4","111","CXI","OONSILIVM CXI.","1","In Christi Nomine Amen.","page_055.xml","page_056.xml","page_055.xml; page_056.xml"
"Baldo_Cons_Print_Venice_1575_v4","112","CXII","CONSILIVM CXII.","1","Subiecta talia sunt, qualiter praedicta demonstrant. Foenerare est contrahere. A…","page_056.xml","page_056.xml","page_056.xml"
"Baldo_Cons_Print_Venice_1575_v4","113","?","CONSILIM CXIII.","1","In Christi Nomine Amen.","page_056.xml","page_057.xml","page_056.xml; page_057.xml"
"Baldo_Cons_Print_Venice_1575_v4","114","CXIIII","CONSILIVM CXIIII.","1","fidebat, tale testa. est nullum filia praeterita. 1e In Christi Nomine Amen.","page_057.xml","page_058.xml","page_057.xml; page_058.xml"
"Baldo_Cons_Print_Venice_1575_v4","115","CXV","CONSILIVM CXV","1","In Christi Nomine Amen.","page_058.xml","page_058.xml","page_058.xml"
"Baldo_Cons_Print_Venice_1575_v4","116","CXVI","CONSILIVM CXVI.","1","In Christi Nomine Amen.","page_058.xml","page_058.xml","page_058.xml"
"Baldo_Cons_Print_Venice_1575_v4","117","CXVII","CONSILIVM CXVII.","1","In Christi Nomine Amen.","page_058.xml","page_059.xml","page_058.xml; page_059.xml"
"Baldo_Cons_Print_Venice_1575_v4","118","CXVIII","CONSILIVM CXVIII.","1","In Christi Nomine Amen.","page_059.xml","page_060.xml","page_059.xml; page_060.xml"
"Baldo_Cons_Print_Venice_1575_v4","119","CXIX","CONSILIVM CXIX.","1","In Christi Nomine Amen.","page_060.xml","page_061.xml","page_060.xml; page_061.xml"
"Baldo_Cons_Print_Venice_1575_v4","120","CXX","CONSILIVM CXX.","1","In Christi Nomine Amen.","page_061.xml","page_061.xml","page_061.xml"
"Baldo_Cons_Print_Venice_1575_v4","121","CXXI","CONSILIVM CXXI.","1","Iuris est idem de eo, quod succedit loco legitimae, quod est de ista legitima. I…","page_061.xml","page_061.xml","page_061.xml"
"Baldo_Cons_Print_Venice_1575_v4","122","CXXII","CONSILIVM CXXII.","1","Parentibus relinqui an deheat iure institutionis, vel sufficiat quoquo relinqui …","page_061.xml","page_062.xml","page_061.xml; page_062.xml"
"Baldo_Cons_Print_Venice_1575_v4","123","CXXIII","CONSILIVM CXXIII.","1","In Christi Nomine Amen.","page_062.xml","page_063.xml","page_062.xml; page_063.xml"
"Baldo_Cons_Print_Venice_1575_v4","124","CXXIIII","CONSILIVM CXXIIII.","1","In Christi Nomine Amen.","page_063.xml","page_063.xml","page_063.xml"
"Baldo_Cons_Print_Venice_1575_v4","125","CXXV","OONSILIVM CXXV.","1","In Christi Nomine Amen.","page_063.xml","page_063.xml","page_063.xml"
"Baldo_Cons_Print_Venice_1575_v4","126","CXXVI","CONSILIVM CXXVI.","1","In Christi Nomine Amen.","page_063.xml","page_064.xml","page_063.xml; page_064.xml"
"Baldo_Cons_Print_Venice_1575_v4","127","CXXVII","CONSILIVM CXXVII.","1","In Christi Nomine Amen.","page_064.xml","page_064.xml","page_064.xml"
"Baldo_Cons_Print_Venice_1575_v4","128","CXXVIII","CONSILIVM CXXVIII.","1","Pupillus potest pati secundum decretum. Fides si est facta de debito iudici, val…","page_064.xml","page_064.xml","page_064.xml"
"Baldo_Cons_Print_Venice_1575_v4","129","CXXIX","CONSILIVM CXXIX.","1","In Nomine Domini Amen.","page_064.xml","page_064.xml","page_064.xml"
"Baldo_Cons_Print_Venice_1575_v4","130","CXXX","CONSILIVM CXXX.","1","In Christi Nomine Amen.","page_064.xml","page_064.xml","page_064.xml"
"Baldo_Cons_Print_Venice_1575_v4","131","CXXXI","CONSILIVM CXXXI.","1","In Christi Nomine Amen.","page_064.xml","page_064.xml","page_064.xml"
"Baldo_Cons_Print_Venice_1575_v4","132","CXXXII","CONSILIVM CXXXII.","1","In Christi Nomine Amen.","page_064.xml","page_065.xml","page_064.xml; page_065.xml"
"Baldo_Cons_Print_Venice_1575_v4","134","CXXXIIII","CONSILIVM CXXXIIII.","1","ita dico, et consulo ego Bal. de Peru. Vtriusque lur. Doct. et ad fidem me subsc…","page_065.xml","page_066.xml","page_065.xml; page_066.xml"
"Baldo_Cons_Print_Venice_1575_v4","135","CXXXV","CONSILIVM CXXXV","1","In Christi Nomine Amen. Quęstionis istius determinatio clara est.","page_066.xml","page_066.xml","page_066.xml"
"Baldo_Cons_Print_Venice_1575_v4","136","CXXXVI","CONSILIVM CXXXVI.","1","In Christi Nomine Amen.","page_066.xml","page_066.xml","page_066.xml"
"Baldo_Cons_Print_Venice_1575_v4","137","CXXXVII","CONSILIVM CXXXVII.","1","In Christi Nomine Amen.","page_066.xml","page_066.xml","page_066.xml"
"Baldo_Cons_Print_Venice_1575_v4","138","CXXXVIII","CONSILIVM CXXXVIII.","1","In Christi Nomine Amen.","page_066.xml","page_067.xml","page_066.xml; page_067.xml"
"Baldo_Cons_Print_Venice_1575_v4","139","?","CSVIS.","1","gati celebrationis, et vsque modo semper vidua existente, vt existit. CONSILIM C…","page_067.xml","page_068.xml","page_067.xml; page_068.xml"
"Baldo_Cons_Print_Venice_1575_v4","140","CXL","CONSILIVM CXL","1","Facta treuga non impeditur, quin possit ciuili modo fi eri repetitio. tiostes fi…","page_068.xml","page_068.xml","page_068.xml"
"Baldo_Cons_Print_Venice_1575_v4","141","CXLI","CONSILIVM CXLI.","1","In Christi Nomine Amen.","page_068.xml","page_069.xml","page_068.xml; page_069.xml"
"Baldo_Cons_Print_Venice_1575_v4","142","?","CONSILIM CXLII.","1","In Christi Nomine Amen.","page_069.xml","page_070.xml","page_069.xml; page_070.xml"
"Baldo_Cons_Print_Venice_1575_v4","143","CXLIII","CONSILIVM CXLIII.","1","In Christi Nomine Amen.","page_070.xml","page_070.xml","page_070.xml"
"Baldo_Cons_Print_Venice_1575_v4","144","CXLIIII","CONSILIVM CXLIIII.","1","In Christi Nomine. Amen.","page_070.xml","page_071.xml","page_070.xml; page_071.xml"
"Baldo_Cons_Print_Venice_1575_v4","145","CXLV","CONSILIVM CXLV","1","In Christi Nomine Amen.","page_071.xml","page_072.xml","page_071.xml; page_072.xml"
"Baldo_Cons_Print_Venice_1575_v4","146","CXLVI","CONSILIVM CXLVI.","1","In Christi Nomine Amen. Alio die per amicissimum meum lo. Tanguarini super ista …","page_072.xml","page_072.xml","page_072.xml"
"Baldo_Cons_Print_Venice_1575_v4","147","CXLVII","CONSILIVM CXLVII.","1","In Christi Nomine Amen.","page_072.xml","page_073.xml","page_072.xml; page_073.xml"
"Baldo_Cons_Print_Venice_1575_v4","148","CXLVIII","CONSILIVM CXLVIII.","1","Ab omni alienatione prohibitus. l. peto. §. fratre. de leg. 2. non continetur na…","page_073.xml","page_073.xml","page_073.xml"
"Baldo_Cons_Print_Venice_1575_v4","149","CXLIX","CONSILIVM CXLIX.","1","In Christi Nomine Amen.","page_073.xml","page_073.xml","page_073.xml"
"Baldo_Cons_Print_Venice_1575_v4","150","CL","CONSILIVM CL.","1","Ver. moriatur. et quandocunque contigerit, an includat vulgarem expressam, vel t…","page_073.xml","page_074.xml","page_073.xml; page_074.xml"
"Baldo_Cons_Print_Venice_1575_v4","151","CLI","CONSILIVM CLI.","1","In Christi Nomine Amen.","page_074.xml","page_074.xml","page_074.xml"
"Baldo_Cons_Print_Venice_1575_v4","152","CLII","CONSILIVM CLII.","1","In Christi Nomine Amen.","page_074.xml","page_075.xml","page_074.xml; page_075.xml"
"Baldo_Cons_Print_Venice_1575_v4","153","CLIII","CONSILIVM CLIII","1","In Christi Nomine Amen.","page_075.xml","page_075.xml","page_075.xml"
"Baldo_Cons_Print_Venice_1575_v4","154","CLIIII","CONSILIVM CLIIII.","1","Qudo relinquitur hospitali, quod non reperitur, cui debeatur tale legatum. In Ch…","page_075.xml","page_076.xml","page_075.xml; page_076.xml"
"Baldo_Cons_Print_Venice_1575_v4","155","CLV","CONSILIVM CLV.","1","autem. ff. ad Treb. not. dominus Bar. in l. quam de praeterea. ff. de reb. dub. …","page_076.xml","page_076.xml","page_076.xml"
"Baldo_Cons_Print_Venice_1575_v4","156","CLVI","CONSILIVM CLVI.","1","I homi ne, cto praeponitur quondam dominam Symonellam vxorem quondam Colae grifu…","page_076.xml","page_076.xml","page_076.xml"
"Baldo_Cons_Print_Venice_1575_v4","157","CLVII","CONSILIVM CLVII.","1","In Christi Nomine Amen. Consilium praedictum subtile","page_076.xml","page_077.xml","page_076.xml; page_077.xml"
"Baldo_Cons_Print_Venice_1575_v4","158","CLVIII","CONSILIVM CLVIII.","1","In Christi Nomine Amen.","page_077.xml","page_077.xml","page_077.xml"
"Baldo_Cons_Print_Venice_1575_v4","159","CLIX","CONSILIVM CLIX.","1","In Christi Nomime. ne","page_077.xml","page_077.xml","page_077.xml"
"Baldo_Cons_Print_Venice_1575_v4","160","CLX","CONSILIVM CLX.","1","In Christi Nomine Amen.","page_077.xml","page_077.xml","page_077.xml"
"Baldo_Cons_Print_Venice_1575_v4","161","CLXI","CONSILIVM CLXI.","1","In Christi Nomine Ameni.","page_077.xml","page_078.xml","page_077.xml; page_078.xml"
"Baldo_Cons_Print_Venice_1575_v4","162","CLXII","CONSILIVM CLXII.","1","In Christi Nomine Amen.","page_078.xml","page_078.xml","page_078.xml"
"Baldo_Cons_Print_Venice_1575_v4","163","CLXIII","CONSILIVM CLXIII.","1","In Christi Nomine Amen.","page_078.xml","page_078.xml","page_078.xml"
"Baldo_Cons_Print_Venice_1575_v4","164","CLXIIII","CONSILIVM CLXIIII.","1","In Christi Nomine Amen.","page_078.xml","page_079.xml","page_078.xml; page_079.xml"
"Baldo_Cons_Print_Venice_1575_v4","165","CLXV","CONSILIVM CLXV.","1","In Christi Nomine Amen.","page_079.xml","page_079.xml","page_079.xml"
"Baldo_Cons_Print_Venice_1575_v4","166","CLXVI","CONSILIVM CLXVI.","1","Vxor si aliquid emerit post mortem viri, ex suis pecuniis praesumitur emisse. Ti…","page_079.xml","page_080.xml","page_079.xml; page_080.xml"
"Baldo_Cons_Print_Venice_1575_v4","167","CLXVII","CONSILIVM CLXVII","1","In Christi Nomine Amen.","page_080.xml","page_080.xml","page_080.xml"
"Baldo_Cons_Print_Venice_1575_v4","168","CLXVIII","CONSILIVM CLXVIII.","1","Conductor quod non possit referre quaestionem dominii. Legata proprietate in emo…","page_080.xml","page_081.xml","page_080.xml; page_081.xml"
"Baldo_Cons_Print_Venice_1575_v4","169","CLXIX","CONSILIVM CLXIX","1","In Christi Nomine Amen. Ista constitutio non potest intelligi de dona. causa mor…","page_081.xml","page_082.xml","page_081.xml; page_082.xml"
"Baldo_Cons_Print_Venice_1575_v4","170","CLXX","CONSILIVM CLXX.","1","In Christi Nomine Amen.","page_082.xml","page_082.xml","page_082.xml"
"Baldo_Cons_Print_Venice_1575_v4","171","?","CONSILVM CLXXI.","1","Haer edes defuncti occisi possunt cogi ad vindicandam mortem occisi. In Christi …","page_082.xml","page_082.xml","page_082.xml"
"Baldo_Cons_Print_Venice_1575_v4","172","CLXXII","CONSILIVM CLXXII.","1","In Christi Nomine Amen.","page_082.xml","page_082.xml","page_082.xml"
"Baldo_Cons_Print_Venice_1575_v4","173","CLXXIII","CONSILIVM CLXXIII.","1","In Christi Nomine Amen.","page_082.xml","page_082.xml","page_082.xml"
"Baldo_Cons_Print_Venice_1575_v4","174","CLXXIIII","CONSILIVM CLXXIIII.","1","In Christi Nomine Amen. Rdicunquam vult facere aliquid prohibitorium, vt molere …","page_082.xml","page_083.xml","page_082.xml; page_083.xml"
"Baldo_Cons_Print_Venice_1575_v4","175","CLXXV","CONSILIVM CLXXV","1","In Christi Nomine Amen.","page_083.xml","page_083.xml","page_083.xml"
"Baldo_Cons_Print_Venice_1575_v4","176","CLXXVI","CONSILIVM CLXXVI.","1","In Christi Nomine Amen.","page_083.xml","page_083.xml","page_083.xml"
"Baldo_Cons_Print_Venice_1575_v4","177","CLXXVII","CONSILIVM  CLXXVII.","1","In Christi Nomine Amen. cIobetus Ci","page_083.xml","page_083.xml","page_083.xml"
"Baldo_Cons_Print_Venice_1575_v4","178","CLXXVIII","CONSILIVM CLXXVIII.","1","In Christi Nomine Amen.","page_083.xml","page_084.xml","page_083.xml; page_084.xml"
"Baldo_Cons_Print_Venice_1575_v4","179","CLXXIX","CONSILIVM CLXXIX.","1","In Christi Nomine Amen.","page_084.xml","page_084.xml","page_084.xml"
"Baldo_Cons_Print_Venice_1575_v4","180","CLXXX","CONSILIVM CLXXX.","1","In Christi Nomine Amen.","page_084.xml","page_084.xml","page_084.xml"
"Baldo_Cons_Print_Venice_1575_v4","181","CLXXXI","CONSILIVM CLXXXI.","1","In Christi Nomine. Amen.","page_084.xml","page_084.xml","page_084.xml"
"Baldo_Cons_Print_Venice_1575_v4","182","CLXXXII","CONSILIVM CLXXXII.","1","tempus non habeo, vt late loquar, et causa est parVIad ua, in paucis verbis me e…","page_084.xml","page_085.xml","page_084.xml; page_085.xml"
"Baldo_Cons_Print_Venice_1575_v4","183","CLXXXIII","CONSILIVM CLXXXIII.","1","In Christi Nomine Amen. Mutuum probatum est per redditionem causae visus, vt C. …","page_085.xml","page_085.xml","page_085.xml"
"Baldo_Cons_Print_Venice_1575_v4","185","CLXXXV","CONSILIVM CLXXXV.","1","In Christi Nomine Amen.","page_085.xml","page_086.xml","page_085.xml; page_086.xml"
"Baldo_Cons_Print_Venice_1575_v4","186","CLXXXVI","CONSILIVM CLXXXVI.","1","In Christi Nomine Amen. Quidam","page_086.xml","page_086.xml","page_086.xml"
"Baldo_Cons_Print_Venice_1575_v4","187","CLXXXVII","CONSILIVM CLXXXVII.","1","In Christi Nomine Amen.","page_086.xml","page_086.xml","page_086.xml"
"Baldo_Cons_Print_Venice_1575_v4","188","CLXXXVIII","CONSILIVM CLXXXVIII.","1","In Christi Nomine Amen.","page_086.xml","page_086.xml","page_086.xml"
"Baldo_Cons_Print_Venice_1575_v4","189","CLXXXIX","CONSILIVM CLXXXIX.","1","In Christi Nomine Amen.","page_086.xml","page_087.xml","page_086.xml; page_087.xml"
"Baldo_Cons_Print_Venice_1575_v4","190","CXC","CONSILIVM CXC.","1","In Christi Nomine Amen. Intentio testatoris est propria ex generali intentione p…","page_087.xml","page_087.xml","page_087.xml"
"Baldo_Cons_Print_Venice_1575_v4","191","CXCI","CONSILIVM CXCI.","1","In Christi Nomine Amen.","page_087.xml","page_088.xml","page_087.xml; page_088.xml"
"Baldo_Cons_Print_Venice_1575_v4","192","CXCII","CONSILIVM CXCII.","1","In Christi Nomine Amen.","page_088.xml","page_088.xml","page_088.xml"
"Baldo_Cons_Print_Venice_1575_v4","193","CXCIII","CONSILIVM CXCIII.","1","In Christi Nomine Amen. Iuramentum","page_088.xml","page_088.xml","page_088.xml"
"Baldo_Cons_Print_Venice_1575_v4","194","CXCIIII","CONSILIVM CXCIIII.","1","In Christi Nomine Amen.","page_088.xml","page_088.xml","page_088.xml"
"Baldo_Cons_Print_Venice_1575_v4","195","CXCV","CONSILIVM CXCV.","1","In Christi Nomine Amen.","page_088.xml","page_088.xml","page_088.xml"
"Baldo_Cons_Print_Venice_1575_v4","196","CXCVI","CONSILIVM CXCVI.","1","In Christi Nomine Amen.","page_088.xml","page_090.xml","page_088.xml; page_089.xml; page_090.xml"
"Baldo_Cons_Print_Venice_1575_v4","197","CXCVII","CONSILIVM CXCVII.","1","In Christi Nomine Amen.","page_090.xml","page_090.xml","page_090.xml"
"Baldo_Cons_Print_Venice_1575_v4","198","CXCVIII","CONSILIVM CXCVIII.","1","In Christi Nomine Amen.","page_090.xml","page_090.xml","page_090.xml"
"Baldo_Cons_Print_Venice_1575_v4","199","CXCIX","CONSILIVM CXCIX.","1","In Christi Nomine Amen.","page_090.xml","page_091.xml","page_090.xml; page_091.xml"
"Baldo_Cons_Print_Venice_1575_v4","200","CC","CONSILIVM CC.","1","In Christi Nomine Amen.","page_091.xml","page_091.xml","page_091.xml"
"Baldo_Cons_Print_Venice_1575_v4","201","SIC","Factum sic","1","paliter est causa bonorum. C. de reb. cre. l. cum proponas etc. Ego Bal.","page_015.xml","page_015.xml","page_015.xml"
"Baldo_Cons_Print_Venice_1575_v4","201","CCI","CONSILIVM CCI.","1","In Christi Nomine Amen. Tria possunt in dubio reuocari,","page_091.xml","page_091.xml","page_091.xml"
"Baldo_Cons_Print_Venice_1575_v4","202","CCII","CONSILIVM CCII","1","In Christi Nomine Amen. Super his punctis","page_091.xml","page_092.xml","page_091.xml; page_092.xml"
"Baldo_Cons_Print_Venice_1575_v4","203","CCIII","CONSILIVM CCIII.","1","In Christi Nomine Amen.","page_092.xml","page_092.xml","page_092.xml"
"Baldo_Cons_Print_Venice_1575_v4","204","CCIIII","CONSILIVM CCIIII.","1","In Christi Nomine Amen.","page_092.xml","page_092.xml","page_092.xml"
"Baldo_Cons_Print_Venice_1575_v4","205","CCV","CONSILIVM CCV.","1","In Christi Nomine Amen. Pręmissis uerbis statuti ciui. Cortonę, quo cauetur: ite…","page_092.xml","page_093.xml","page_092.xml; page_093.xml"
"Baldo_Cons_Print_Venice_1575_v4","206","CCVI","CONSILIVM CCVI.","1","In Christi Nomine Amen.","page_093.xml","page_093.xml","page_093.xml"
"Baldo_Cons_Print_Venice_1575_v4","207","?","CONSILIV.","1","In Christi Nomine Amen.","page_093.xml","page_094.xml","page_093.xml; page_094.xml"
"Baldo_Cons_Print_Venice_1575_v4","208","CCVIII","CONSILIVM CCVIII.","1","In Christi Nomine Amen.","page_094.xml","page_095.xml","page_094.xml; page_095.xml"
"Baldo_Cons_Print_Venice_1575_v4","209","CCIX","CONSILIVM CCIX.","1","In Christi Nomine Amen.","page_095.xml","page_095.xml","page_095.xml"
"Baldo_Cons_Print_Venice_1575_v4","210","CCX","CONSILIVM CCX.","1","In Christi Nomine Amen.","page_095.xml","page_095.xml","page_095.xml"
"Baldo_Cons_Print_Venice_1575_v4","211","CCXI","CONSILIVM CCXI.","1","In Christi Nomine Amen.","page_095.xml","page_096.xml","page_095.xml; page_096.xml"
"Baldo_Cons_Print_Venice_1575_v4","212","CCXII","CONSILIVM CCXII.","1","In Christi Nomine Amen.","page_096.xml","page_096.xml","page_096.xml"
"Baldo_Cons_Print_Venice_1575_v4","213","CCXIII","CONSILIVM CCXIII.","1","In Christi Nomine Amen.","page_096.xml","page_096.xml","page_096.xml"
"Baldo_Cons_Print_Venice_1575_v4","214","CCIIII","CONSILIVM CCIIII","1","In Christi Nomine Amen.","page_096.xml","page_096.xml","page_096.xml"
"Baldo_Cons_Print_Venice_1575_v4","215","CCXV","ONSILIVM CCXV.","1","In Christi Nomine Amen.","page_096.xml","page_097.xml","page_096.xml; page_097.xml"
"Baldo_Cons_Print_Venice_1575_v4","216","CCXVI","CONSILIVM CCXVI.","1","In Christi Nomine. Amen.","page_097.xml","page_097.xml","page_097.xml"
"Baldo_Cons_Print_Venice_1575_v4","217","CCXVII","CONSILIVM CCXVII.","1","In Christi Nomine Amen.","page_097.xml","page_098.xml","page_097.xml; page_098.xml"
"Baldo_Cons_Print_Venice_1575_v4","218","CCXVIII","CONSILIVM CCXVIII. .","1","In Christi Nomine Amen.","page_098.xml","page_098.xml","page_098.xml"
"Baldo_Cons_Print_Venice_1575_v4","219","CCXIX","CONSILIVM CCXIX.","1","In Christi Nomine Amen.","page_098.xml","page_099.xml","page_098.xml; page_099.xml"
"Baldo_Cons_Print_Venice_1575_v4","220","CCXX","CONSILIVM CCXX.","1","In Christi Nomine Amen.","page_099.xml","page_099.xml","page_099.xml"
"Baldo_Cons_Print_Venice_1575_v4","221","CCXXI","CONSILIVM CCXXI.","1","In Christi Nomine Amen.","page_099.xml","page_100.xml","page_099.xml; page_100.xml"
"Baldo_Cons_Print_Venice_1575_v4","222","CCXXII","CONSILIVM CCXXII..","1","In Christi Nomine Amen.","page_100.xml","page_100.xml","page_100.xml"
"Baldo_Cons_Print_Venice_1575_v4","223","CCXXIII","CONSILIVM CCXXIII.","1","In Christi Nomine Amen.","page_100.xml","page_101.xml","page_100.xml; page_101.xml"
"Baldo_Cons_Print_Venice_1575_v4","224","CCXXIIII","CONSILIVM CCXXIIII.","1","In Christi Nomine Amen.","page_101.xml","page_101.xml","page_101.xml"
"Baldo_Cons_Print_Venice_1575_v4","225","CCXXV","CONSILIVM CCXXV.","1","In Christi Nomine Amen.","page_101.xml","page_101.xml","page_101.xml"
"Baldo_Cons_Print_Venice_1575_v4","226","CCXXVI","CONSILIVM CCXXVI.","1","In Christi Nomine Amen.","page_101.xml","page_101.xml","page_101.xml"
"Baldo_Cons_Print_Venice_1575_v4","227","CCXXVII","CONSILIVM CCXXVII.","1","In Christi Nomine Amen.","page_101.xml","page_101.xml","page_101.xml"
"Baldo_Cons_Print_Venice_1575_v4","228","CCXXVIII","CONSILIVM CCXXVIII.","1","In Christi Nomine Amen.","page_101.xml","page_102.xml","page_101.xml; page_102.xml"
"Baldo_Cons_Print_Venice_1575_v4","229","CCXXIX","CONSILIVM CCXXIX.","1","In Christi Nomine Amen.","page_102.xml","page_102.xml","page_102.xml"
"Baldo_Cons_Print_Venice_1575_v4","230","CCXXX","CONSILIVM CCXXX.","1","In Christi Nomine Amen.","page_102.xml","page_103.xml","page_102.xml; page_103.xml"
"Baldo_Cons_Print_Venice_1575_v4","231","CCXXXI","CONSILIVM CCXXXI.","1","In Christi Nomine Amen.","page_103.xml","page_103.xml","page_103.xml"
"Baldo_Cons_Print_Venice_1575_v4","232","CCXXXII","CONSILIVM CCXXXII.","1","In Nomine Domini Amen.","page_103.xml","page_103.xml","page_103.xml"
"Baldo_Cons_Print_Venice_1575_v4","232","CCXXXII","CONSILIVM CCXXXII.","1","In Christi Nomine Amen.","page_103.xml","page_104.xml","page_103.xml; page_104.xml"
"Baldo_Cons_Print_Venice_1575_v4","233","CCXXXIII","CONSILIVM CCXXXIII.","1","In Christi Nomine Amen.","page_104.xml","page_104.xml","page_104.xml"
"Baldo_Cons_Print_Venice_1575_v4","234","CCXXXIIII","CONSILIVM CCXXXIIII.","1","In Christi Nomine Amen.","page_104.xml","page_104.xml","page_104.xml"
"Baldo_Cons_Print_Venice_1575_v4","235","CCXXXV","CONSILIVM CCXXXV.","1","In Christi Nomine Amen.","page_104.xml","page_104.xml","page_104.xml"
"Baldo_Cons_Print_Venice_1575_v4","236","CCXXXVI","CONSILIVM CCXXXVI.","1","In Christi Nomine Amen.","page_104.xml","page_104.xml","page_104.xml"
"Baldo_Cons_Print_Venice_1575_v4","237","CCXXXVII","CONSILIVM CCXXXVII.","1","In Christi Nomine Amen.","page_104.xml","page_104.xml","page_104.xml"
"Baldo_Cons_Print_Venice_1575_v4","238","CCXXXVIII","CONSILIVM CCXXXVIII.","1","super quo consilium petitur exhiberi in Pactum, homines de Clusio ex causa trans…","page_104.xml","page_105.xml","page_104.xml; page_105.xml"
"Baldo_Cons_Print_Venice_1575_v4","238","CCXXXVIII","Ad idem. CONSILIVM CCXXXVIII.","1","In Christi Nomine Amen. Considerandum, quod iurisdictio et imperium non est prop…","page_105.xml","page_106.xml","page_105.xml; page_106.xml"
"Baldo_Cons_Print_Venice_1575_v4","239","CCXXXIX","CONSILIVM CCXXXIX.","1","In Christi Nomine Amen.","page_106.xml","page_106.xml","page_106.xml"
"Baldo_Cons_Print_Venice_1575_v4","240","CCXL","CONSILIVM CCXL.","1","In Christi Nomine Amen.","page_106.xml","page_106.xml","page_106.xml"
"Baldo_Cons_Print_Venice_1575_v4","241","CCLI","CONSILIVM CCLI.","1","In Christi Nomine Amen.","page_106.xml","page_107.xml","page_106.xml; page_107.xml"
"Baldo_Cons_Print_Venice_1575_v4","242","CCXLII","CONSILIVM CCXLII.","1","In Christi Nomine Amen. Si","page_107.xml","page_107.xml","page_107.xml"
"Baldo_Cons_Print_Venice_1575_v4","244","CCXLIIII","CONSILIVM CCXLIIII.","1","In Christi Nomine Amen.","page_107.xml","page_107.xml","page_107.xml"
"Baldo_Cons_Print_Venice_1575_v4","245","CCXLV","CONSILIVM CCXLV.","1","In Christi Nomine Amen.","page_107.xml","page_108.xml","page_107.xml; page_108.xml"
"Baldo_Cons_Print_Venice_1575_v4","247","CCXLVII","CONSILIVM CCXLVII.","1","In Christi Nomine Amen.","page_108.xml","page_108.xml","page_108.xml"
"Baldo_Cons_Print_Venice_1575_v4","248","CCXLVIII","CONSILIVM CCXLVIII.","1","In Christi Nomine Amen.","page_108.xml","page_108.xml","page_108.xml"
"Baldo_Cons_Print_Venice_1575_v4","249","CCXLIX","CONSILIVM CCXLIX.","1","In Christi Nomine Amen. An legatum dotis sit conditionale, an autem sub causa fi…","page_108.xml","page_109.xml","page_108.xml; page_109.xml"
"Baldo_Cons_Print_Venice_1575_v4","250","CCL","CONSILIVM CCL.","1","Patrimonium altaris aliud officiare ad aliud, et est administrare altare. Testat…","page_109.xml","page_109.xml","page_109.xml"
"Baldo_Cons_Print_Venice_1575_v4","251","CCLI","CONSILIVM CCLI.","1","In Christi Nomine Amen. Posito, quod quota pars mensis positi in conuentione pos…","page_109.xml","page_110.xml","page_109.xml; page_110.xml"
"Baldo_Cons_Print_Venice_1575_v4","252","CCLII","CONSILIVM CCLII.","1","In Christi Nomine Amen. Et suae matris gloriosae.","page_110.xml","page_110.xml","page_110.xml"
"Baldo_Cons_Print_Venice_1575_v4","253","CCLIII","CONSILIVM CCLIII.","1","In Christi Nomine Amen. Licet istae allegationes sint pulchrae, in credo verissi…","page_110.xml","page_110.xml","page_110.xml"
"Baldo_Cons_Print_Venice_1575_v4","254","CCLIIII","CONSILIVM CCLIIII.","1","In Christi Nomine Amen. Et eius matris Virginis Mariae.","page_110.xml","page_111.xml","page_110.xml; page_111.xml"
"Baldo_Cons_Print_Venice_1575_v4","255","CCLV","CONSILIVM CCLV.","1","In Christi Nomine Amen.","page_111.xml","page_111.xml","page_111.xml"
"Baldo_Cons_Print_Venice_1575_v4","256","CCLVI","CONSILIVM CCLVI.","1","In Christi Nomine Amen.","page_111.xml","page_112.xml","page_111.xml; page_112.xml"
"Baldo_Cons_Print_Venice_1575_v4","257","CCLVII","CONSILIVM CCLVII.","1","In Christi Nomine Amen.","page_112.xml","page_112.xml","page_112.xml"
"Baldo_Cons_Print_Venice_1575_v4","258","CCLVIII","CONSILIVM CCLVIII.","1","In Christi Nomine Amen. Viso puncto prędicto, et visis allegationibus, et statut…","page_112.xml","page_112.xml","page_112.xml"
"Baldo_Cons_Print_Venice_1575_v4","259","CCLIX","CONSILIVM CCLIX.","1","In Chrii Nomine Amen. et Franciscus executores possunt praestito iuramento de ve…","page_112.xml","page_112.xml","page_112.xml"
"Baldo_Cons_Print_Venice_1575_v4","260","CCLX","CONSILIVM CCLX.","1","Auiam paterna pręfertur in bonis paternis, materna in bonis maternis. In Christi…","page_112.xml","page_113.xml","page_112.xml; page_113.xml"
"Baldo_Cons_Print_Venice_1575_v4","261","CCLXI","CONSILIVM CCLXI.","1","† Optimę allegationes sunt istę, tamen in fratribus mendicantibus est speciale, …","page_113.xml","page_113.xml","page_113.xml"
"Baldo_Cons_Print_Venice_1575_v4","262","CCLXII","CONSILIVM CCLXII..","1","In Christr Nomine. Amen. Factum tale proponitur, Ser Matthęus, et Mutius de Corc…","page_113.xml","page_113.xml","page_113.xml"
"Baldo_Cons_Print_Venice_1575_v4","263","CCLXIII","CONSILIVM CCLXIII.","1","In Christi Nomine. Amen.","page_113.xml","page_114.xml","page_113.xml; page_114.xml"
"Baldo_Cons_Print_Venice_1575_v4","264","CCLXIIII","CONSILIVM CCLXIIII.","1","Statutum loquens de linea videtur loqui de proauo. In Christi Nomine. Amen.","page_114.xml","page_114.xml","page_114.xml"
"Baldo_Cons_Print_Venice_1575_v4","265","CCLXV","CONSILIVM CCLXV.","1","In Christi Nomine. Amen.","page_114.xml","page_115.xml","page_114.xml; page_115.xml"
"Baldo_Cons_Print_Venice_1575_v4","266","CCLXVI","CONSILIVM CCLXVI.","1","In Christi Nomine Amen. Ista est scriptura priuata, et nisi sit septimo teste pr…","page_115.xml","page_115.xml","page_115.xml"
"Baldo_Cons_Print_Venice_1575_v4","267","CCLXVII","CONSILIVM CCLXVII.","1","ctus, quod non debeat habere nisi victum. In Christi Nomine Amen.","page_115.xml","page_115.xml","page_115.xml"
"Baldo_Cons_Print_Venice_1575_v4","268","CCLXVIII","CONSILIVM CCLXVIII.","1","In Christi Nomine Amen.","page_115.xml","page_115.xml","page_115.xml"
"Baldo_Cons_Print_Venice_1575_v4","269","CCLXIX","CONSILIVM CCLXIX.","1","In Christi Nomine Amen.","page_115.xml","page_116.xml","page_115.xml; page_116.xml"
"Baldo_Cons_Print_Venice_1575_v4","270","CCLXX","CONSILIVM CCLXX","1","In Christi Nomine Amen.","page_116.xml","page_116.xml","page_116.xml"
"Baldo_Cons_Print_Venice_1575_v4","271","CCLXXI","CONSILIVM CCLXXI.","1","In Christi Nomine Amen.","page_116.xml","page_117.xml","page_116.xml; page_117.xml"
"Baldo_Cons_Print_Venice_1575_v4","272","CCLXXII","CONSILIVM CCLXXII.","1","In Christi Nomine Amen.","page_117.xml","page_117.xml","page_117.xml"
"Baldo_Cons_Print_Venice_1575_v4","273","CCLXXIII","CONSILIVM CCLXXIII.","1","† quaeritur, an dicta do. Clara sit hęres in proOO prietate, et vsufruetu. i. in…","page_117.xml","page_118.xml","page_117.xml; page_118.xml"
"Baldo_Cons_Print_Venice_1575_v4","274","CCLXXIIII","CONSILIVM CCLXXIIII","1","In Christi Nomine Amen.","page_118.xml","page_118.xml","page_118.xml"
"Baldo_Cons_Print_Venice_1575_v4","275","CCLXXV","CONSILIVM CCLXXV.","1","In Christi Nomine. Amen. Dicta portio non accrescit fratri, sed ad ecclesiam est…","page_118.xml","page_118.xml","page_118.xml"
"Baldo_Cons_Print_Venice_1575_v4","276","CCLXXVI","ONSILIVM CCLXXVI.","1","In Christi Nomine Amen.","page_118.xml","page_119.xml","page_118.xml; page_119.xml"
"Baldo_Cons_Print_Venice_1575_v4","277","CCLXXVII","CONSILIVM CCLXXVII.","1","In Christi Nomine Amen.","page_119.xml","page_119.xml","page_119.xml"
"Baldo_Cons_Print_Venice_1575_v4","278","CCLXXVIII","CONSILIVM CCLXXVIII.","1","In Christi Nomine Amen. Viso testamento Ranaldi Sabbati, et praesupposito, quod …","page_119.xml","page_119.xml","page_119.xml"
"Baldo_Cons_Print_Venice_1575_v4","279","CCLXXIX","CONSILIVM CCLXXIX.","1","In Christi Nomine Amen. Visa petitione producta pro parte Augustini Gilii, et ve…","page_119.xml","page_119.xml","page_119.xml"
"Baldo_Cons_Print_Venice_1575_v4","280","CCLXXX","CONSILIVM CCLXXX.","1","In Christi Nomine Amen.","page_119.xml","page_120.xml","page_119.xml; page_120.xml"
"Baldo_Cons_Print_Venice_1575_v4","281","CCLXXXI","CONSILIVM CCLXXXI.","1","In Christi Nomine Amen. Considerata prima sententia data per iudicem Barigani, i…","page_120.xml","page_120.xml","page_120.xml"
"Baldo_Cons_Print_Venice_1575_v4","283","CCLXXXIII","CONSILIVM CCLXXXIII.","1","In Christi Nomine Amen.","page_120.xml","page_121.xml","page_120.xml; page_121.xml"
"Baldo_Cons_Print_Venice_1575_v4","284","CCLXXXIIII","CONSILIVM CCLXXXIIII.","1","In Christi Nomine Amen In primis est inspiciendum, si dicti officiales habuerunt…","page_121.xml","page_122.xml","page_121.xml; page_122.xml"
"Baldo_Cons_Print_Venice_1575_v4","285","CCLXXXV","CONSILIVM CCLXXXV.","1","In Christi Nomine Amen.","page_122.xml","page_122.xml","page_122.xml"
"Baldo_Cons_Print_Venice_1575_v4","286","CCLXXXVI","CONSILIVM CCLXXXVI.","1","In Christi Nomine Amen. Pater tres habet filios masculos, eos haeredes instituit…","page_122.xml","page_122.xml","page_122.xml"
"Baldo_Cons_Print_Venice_1575_v4","287","CCLXXXVII","CONSILIVM CCLXXXVII.","1","In Christi Nomine Amen.","page_122.xml","page_123.xml","page_122.xml; page_123.xml"
"Baldo_Cons_Print_Venice_1575_v4","288","CCLXXXVIII","CONSILIVM CCLXXXVIII.","1","In Christi Nomine Amen.","page_123.xml","page_124.xml","page_123.xml; page_124.xml"
"Baldo_Cons_Print_Venice_1575_v4","289","CCLXXXIX","CONSILIVM CCLXXXIX.","1","In Christi Nomine Amen.","page_124.xml","page_124.xml","page_124.xml"
"Baldo_Cons_Print_Venice_1575_v4","290","CCXC","CONSILIVM CCXC.","1","In Christi Nomine Amen. Allegationes hincinde factae ita sunt plenae, et solenne…","page_124.xml","page_125.xml","page_124.xml; page_125.xml"
"Baldo_Cons_Print_Venice_1575_v4","291","CCXCI","CONSILIVM CCXCI.","1","In Christi Nomine Amen.","page_125.xml","page_126.xml","page_125.xml; page_126.xml"
"Baldo_Cons_Print_Venice_1575_v4","292","CCXCII","CONSILIVM CCXCII.","1","In Christi Nomine Amen. Ista quaestio est dubitabilis,","page_126.xml","page_126.xml","page_126.xml"
"Baldo_Cons_Print_Venice_1575_v4","293","CCXCIII","CONSILIVM CCXCIII.","1","In Christi Nomine Amen. Thema integrale praesupponendum est ex forma laudi, et e…","page_126.xml","page_126.xml","page_126.xml"
"Baldo_Cons_Print_Venice_1575_v4","294","CCXCIIII","CONSILIVM CCXCIIII.","1","In Christi Nomine Amen. Ista causa est mihi satis dubia: quia statutum est valde…","page_126.xml","page_127.xml","page_126.xml; page_127.xml"
"Baldo_Cons_Print_Venice_1575_v4","295","CCXCV","NSILIVM CCXCV..","1","In Christi Nomine. Amen. bIo CIo2","page_127.xml","page_128.xml","page_127.xml; page_128.xml"
"Baldo_Cons_Print_Venice_1575_v4","296","CCXCVI","CONSILIVM CCXCVI.","1","In Christi Nomine. Amen. Praemittendum est ad euidentiam, quod sicut se habet in…","page_128.xml","page_129.xml","page_128.xml; page_129.xml"
"Baldo_Cons_Print_Venice_1575_v4","297","CCXCVII","CONSILIVM CCXCVII.","1","In Christi Nomine Amen.","page_129.xml","page_129.xml","page_129.xml"
"Baldo_Cons_Print_Venice_1575_v4","298","CCXCVIII","CONSILIVM CCXCVIII.","1","In Christi Nomine. Amen. Inter Dominicum ex vna parte agentem, et Ioannem Martin…","page_129.xml","page_129.xml","page_129.xml"
"Baldo_Cons_Print_Venice_1575_v4","299","CCXCIX","CONSILIVM CCXCIX.","1","ci, si non fuit protestatum ante publicationem. In Christi Nomine. Amen. In quae…","page_129.xml","page_130.xml","page_129.xml; page_130.xml"
"Baldo_Cons_Print_Venice_1575_v4","300","CCC","CONSILIVM CCC.","1","tur rogati, et non praesumuntur rogati, licet notarius dicat, quod fuerint praes…","page_130.xml","page_130.xml","page_130.xml"
"Baldo_Cons_Print_Venice_1575_v4","301","?","CONISLIVM CCCI.","1","Pupillus maior infante non transmittit haereditatem non aditam. Minor decedens h…","page_130.xml","page_131.xml","page_130.xml; page_131.xml"
"Baldo_Cons_Print_Venice_1575_v4","302","CCCII","CONSILIVM CCCII.","1","In Christi Nomine Amen.","page_131.xml","page_132.xml","page_131.xml; page_132.xml"
"Baldo_Cons_Print_Venice_1575_v4","303","CCCIII","CONSILIVM CCCIII.","1","In Christi Nomine Amen.","page_132.xml","page_132.xml","page_132.xml"
"Baldo_Cons_Print_Venice_1575_v4","304","CCCIIII","CONSILIVM CCCIIII.","1","In Christi Nomine Amen. Quidam de insula habens filium legitimum et naturalem in…","page_132.xml","page_132.xml","page_132.xml"
"Baldo_Cons_Print_Venice_1575_v4","305","CCCV","CONSILIVM CCCV.","1","In Christi Nomine Amen. In quodam libro, siue quinterno rationum apparet, qualit…","page_132.xml","page_132.xml","page_132.xml"
"Baldo_Cons_Print_Venice_1575_v4","306","CCCVI","CONSILIVM CCCVI.","1","In Christi Nomine Amen.","page_132.xml","page_133.xml","page_132.xml; page_133.xml"
"Baldo_Cons_Print_Venice_1575_v4","308","CCCVIII","CONSILIVM CCCVIII.","1","In Christi Nomine Amen.","page_133.xml","page_134.xml","page_133.xml; page_134.xml"
"Baldo_Cons_Print_Venice_1575_v4","309","CCCIX","CONSILIVM CCCIX.","1","In Christi Nomine Amen.","page_134.xml","page_134.xml","page_134.xml"
"Baldo_Cons_Print_Venice_1575_v4","310","CCCX","CONSILIVM CCCX.","1","In Christi Nomine Amen.","page_134.xml","page_137.xml","page_134.xml; page_135.xml; page_136.xml; page_137.xml"
"Baldo_Cons_Print_Venice_1575_v4","312","CCCXII","CONSILIVM CCCXII.","1","Probatio qualiter fiat per testes, quod quis fecit licitam defensam. In nomine I…","page_137.xml","page_138.xml","page_137.xml; page_138.xml"
"Baldo_Cons_Print_Venice_1575_v4","313","CCCXIII","CONSILIVM CCCXIII.","1","In Christi Nomine Amen. Praefati excellentissimi doct. tam profunde locuti sunt,…","page_138.xml","page_138.xml","page_138.xml"
"Baldo_Cons_Print_Venice_1575_v4","314","CCCXIIII","CONSILIVM CCCXIIII.","1","In Christi. Nomine Amen.","page_138.xml","page_139.xml","page_138.xml; page_139.xml"
"Baldo_Cons_Print_Venice_1575_v4","315","CCCXV","CONSILIVM CCCXV.","1","In Christi Nomine Amen.","page_139.xml","page_139.xml","page_139.xml"
"Baldo_Cons_Print_Venice_1575_v4","315","CCCXV","ONSILIVM CCCXV.","1","In Dei nomine amen. et suae matris. Vieginis oloriosae. Punctus, super quo consi…","page_140.xml","page_142.xml","page_140.xml; page_141.xml; page_142.xml"
"Baldo_Cons_Print_Venice_1575_v4","316","CCCXVI","CONSILIVM CCCXVI.","1","In Christi Nomine Amen.","page_139.xml","page_140.xml","page_139.xml; page_140.xml"
"Baldo_Cons_Print_Venice_1575_v4","319","CCCXIX","CONSILIVM CCCXIX.","1","In Christi Nomine Amen.","page_142.xml","page_143.xml","page_142.xml; page_143.xml"
"Baldo_Cons_Print_Venice_1575_v4","320","CCCXX","CONSILIVM CCCXX.","1","Legatus contra iura facere, seu statuere non potest. domini Simonis de Borsano. …","page_143.xml","page_143.xml","page_143.xml"
"Baldo_Cons_Print_Venice_1575_v4","321","CCCXXI","CONSILIVM CCCXXI.","1","In Christi Nomine Amen. Viso instrumento venditionis factae per dominum Sabinum …","page_143.xml","page_144.xml","page_143.xml; page_144.xml"
"Baldo_Cons_Print_Venice_1575_v4","322","CCCXXII","CONSILIVM CCCXXII.","1","In Christi Nomine Amen.","page_144.xml","page_146.xml","page_144.xml; page_145.xml; page_146.xml"
"Baldo_Cons_Print_Venice_1575_v4","323","CCCXXIII","CONSILIVM CCCXXIII.","1","Succedere in societatem cum aliquo potest duobus modis intelligi. In Christi Nom…","page_146.xml","page_147.xml","page_146.xml; page_147.xml"
"Baldo_Cons_Print_Venice_1575_v4","325","CCCXXV","CONSILIVM CCCXXV.","1","In Christi Nomine Amen. Viso testamento Ioannis q. alterius Io. de Tuderto, in q…","page_147.xml","page_147.xml","page_147.xml"
"Baldo_Cons_Print_Venice_1575_v4","326","CCCXXVI","CONSILIVM CCCXXVI.","1","puto ego Bald. de Peru. V. I. D. et ad fidem me subseri. et signo meo signaui.","page_147.xml","page_147.xml","page_147.xml"
"Baldo_Cons_Print_Venice_1575_v4","327","CCCXXVII","CONSILIVM CCCXXVII.","1","In Christi Nomine Amen. Factum sic proponitur. quidam Francischellus dicitur fec…","page_147.xml","page_148.xml","page_147.xml; page_148.xml"
"Baldo_Cons_Print_Venice_1575_v4","328","CCCXXVIII","CONSILIVM CCCXXVIII.","1","In Christi Nomine Amen.","page_148.xml","page_148.xml","page_148.xml"
"Baldo_Cons_Print_Venice_1575_v4","329","CCCXXIX","CONSILIVM CCCXXIX.","1","In Christi Nomine. Amen. Quidam priores Ciuitatis Tuderti, cum consilio opportun…","page_148.xml","page_148.xml","page_148.xml"
"Baldo_Cons_Print_Venice_1575_v4","330","CCCXXX","CONSILIVM CCCXXX...","1","In Christi Nomine. Amen.","page_148.xml","page_149.xml","page_148.xml; page_149.xml"
"Baldo_Cons_Print_Venice_1575_v4","331","CCCXXXXI","CONSILIVM CCCXXXXI.","1","In Christi Nomine Amen.","page_149.xml","page_149.xml","page_149.xml"
"Baldo_Cons_Print_Venice_1575_v4","332","CCCXXXII","CONSILIVM CCCXXXII.","1","In Christi Nomine. Amen. Tria ponuntur Primum, est testes recipi. Secundum, est …","page_149.xml","page_149.xml","page_149.xml"
"Baldo_Cons_Print_Venice_1575_v4","333","CCCXXXIII","CONSILIVM. CCCXXXIII.","1","Extensio statuti non fit, vbi agitar de lucro captando. In Christi Nomine. Amen.","page_149.xml","page_150.xml","page_149.xml; page_150.xml"
"Baldo_Cons_Print_Venice_1575_v4","334","CCCXXXIIII","CONSILIVM CCCXXXIIII.","1","In Christi Nomine Amen. Factum tale est, magister Ambrosius Sungine vt dicetur f…","page_150.xml","page_150.xml","page_150.xml"
"Baldo_Cons_Print_Venice_1575_v4","336","CCCXXXVI","VM CCCXXXVI .","1","Secundo quaritur, nunquid haec possint uirtute clausulae di Consilia. 76 qua sup…","page_150.xml","page_151.xml","page_150.xml; page_151.xml"
"Baldo_Cons_Print_Venice_1575_v4","337","CCCXXXVII","CONSILIVM CCCXXXVII.","1","In Christi Nomine Amen. Super","page_151.xml","page_151.xml","page_151.xml"
"Baldo_Cons_Print_Venice_1575_v4","338","CCCXXXVIII","CONSILIVM. CCCXXXVIII.","1","† Primo allegat, In causa incarcerat l. quod qui fecit eucapi, non iurauit eum s…","page_151.xml","page_151.xml","page_151.xml"
"Baldo_Cons_Print_Venice_1575_v4","339","CCCXXXIX","CONSILIVM CCCXXXIX.","1","† est, quod cum proOpinio communis pris pupillas nondicatur decedere intestatus,","page_151.xml","page_152.xml","page_151.xml; page_152.xml"
"Baldo_Cons_Print_Venice_1575_v4","340","CCCXL","CONSILIVM CCCXL.","1","In Christi Nomine Amen. Dicta d. Benuenuta,","page_152.xml","page_152.xml","page_152.xml"
"Baldo_Cons_Print_Venice_1575_v4","341","CCCXLI","CONSILIVM CCCXLI.","1","In Christi Nomine Amen.","page_152.xml","page_153.xml","page_152.xml; page_153.xml"
"Baldo_Cons_Print_Venice_1575_v4","342","CCCXLII","CONSILIVM CCCXLII.","1","In Christi Nomine Amen.","page_153.xml","page_153.xml","page_153.xml"
"Baldo_Cons_Print_Venice_1575_v4","343","CCCXLIII","CONSILIVM CCCXLIII.","1","In Christi Nomine Amen.","page_153.xml","page_153.xml","page_153.xml"
"Baldo_Cons_Print_Venice_1575_v4","344","CCCXLIIII","CONSILIVM CCCXLIIII.","1","In Christi Nomine Amen. In causa domini Ludouici, et Bondi pręsuppositis comprom…","page_153.xml","page_154.xml","page_153.xml; page_154.xml"
"Baldo_Cons_Print_Venice_1575_v4","345","CCCXLV","CONSILIVM CCCXLV.","1","In Christi Nomine Amen.","page_154.xml","page_154.xml","page_154.xml"
"Baldo_Cons_Print_Venice_1575_v4","346","CCCXLVI","CONSILIVM CCCXLVI.","1","In Christi Nomine Amen.","page_154.xml","page_154.xml","page_154.xml"
"Baldo_Cons_Print_Venice_1575_v4","347","CCCXLVII","CONSILIVM CCCXLVII.","1","In Christi Nomine Amen. Titius gessit tutelam Sempronii, et innuente debito dict…","page_154.xml","page_155.xml","page_154.xml; page_155.xml"
"Baldo_Cons_Print_Venice_1575_v4","348","CCCXLVIII","CONSILIVM CCCXLVIII.","1","In Christi Nomine Amen.","page_155.xml","page_155.xml","page_155.xml"
"Baldo_Cons_Print_Venice_1575_v4","349","CCCXLIX","CONSILIVM CCCXLIX.","1","In Christi Nomine Amen. Qio de plurib. transmissionib. et primo vtrum Franciscus…","page_155.xml","page_156.xml","page_155.xml; page_156.xml"
"Baldo_Cons_Print_Venice_1575_v4","350","CCCL","CONSILIVM CCCL.","1","In Christi Nomine Amen.","page_156.xml","page_157.xml","page_156.xml; page_157.xml"
"Baldo_Cons_Print_Venice_1575_v4","351","CCCLI","CONSILIVM CCCLI.","1","In Christi Nomine Amen. Quoniam ex facto ius oritur, vt ff. ad l. aqui. l. si ex…","page_157.xml","page_157.xml","page_157.xml"
"Baldo_Cons_Print_Venice_1575_v4","352","CCCLII","Ad idem CONSILIVM CCCLII.","1","In Christi Nomine Amen. In puncto iuris communis dictae allegationes continent v…","page_157.xml","page_157.xml","page_157.xml"
"Baldo_Cons_Print_Venice_1575_v4","353","CCCLIII","CONSILIVM CCCLIII.","1","In Christi Nomine. Amen.","page_157.xml","page_158.xml","page_157.xml; page_158.xml"
"Baldo_Cons_Print_Venice_1575_v4","354","CCCLIIII","CONSILIVM CCCLIIII.","1","In Christi Nomine Amen. Dominus Papa monasteria sancti Spiritus, et sanctae Mari…","page_158.xml","page_158.xml","page_158.xml"
"Baldo_Cons_Print_Venice_1575_v4","355","CCCLV","CONSILIVM CCCLV.","1","In Christi Nomine Amen.","page_158.xml","page_158.xml","page_158.xml"
"Baldo_Cons_Print_Venice_1575_v4","356","CCCLVI","CONSILIVM CCCLVI..","1","In Christi Nomine Amen. Licet allegatum sit plenatie, et subtiliter, tamen consi…","page_158.xml","page_159.xml","page_158.xml; page_159.xml"
"Baldo_Cons_Print_Venice_1575_v4","357","CCCLVII","CONSILIVM CCCLVII.","1","In Christi Nomine Amen.","page_159.xml","page_159.xml","page_159.xml"
"Baldo_Cons_Print_Venice_1575_v4","359","CCCLIX","ONSILIVM CCCLIX.","1","In Christi Nomine Amen. In causa occasione generanellorum ablatorum per Chiaraua…","page_159.xml","page_160.xml","page_159.xml; page_160.xml"
"Baldo_Cons_Print_Venice_1575_v4","360","CCCLX","CONSILIVM CCCLX.","1","In Christi Nomine Amen.","page_160.xml","page_160.xml","page_160.xml"
"Baldo_Cons_Print_Venice_1575_v4","361","CCCLXI","CONSILIVM CCCLXI.","1","In Christi Nomine Amen. Quidam dixit alicui, falsarius proditor. Quaeritur, vtru…","page_160.xml","page_160.xml","page_160.xml"
"Baldo_Cons_Print_Venice_1575_v4","362","CCCLXII","CONSILIVM CCCLXII.","1","In Christi Nomine Amen.","page_160.xml","page_161.xml","page_160.xml; page_161.xml"
"Baldo_Cons_Print_Venice_1575_v4","363","CCCLXIII","CONSILIVM CCCLXIII.","1","In Christi Nomine Amen.","page_161.xml","page_161.xml","page_161.xml"
"Baldo_Cons_Print_Venice_1575_v4","364","CCCLXIIII","CONSILIVM CCCLXIIII.","1","Pater familias alium sibi vniuersalem haeredem instituit, et dixit, quod si dict…","page_161.xml","page_162.xml","page_161.xml; page_162.xml"
"Baldo_Cons_Print_Venice_1575_v4","365","CCCLXV","CONSILIVM CCCLXV.","1","In Christi Nomine Amen. Statutorum scripta, et opin. antiquorum, et modernorum v…","page_162.xml","page_163.xml","page_162.xml; page_163.xml"
"Baldo_Cons_Print_Venice_1575_v4","366","CCCLXVI","CONSILIVM CCCLXVI.","1","In Christi Nomine Amen.","page_163.xml","page_164.xml","page_163.xml; page_164.xml"
"Baldo_Cons_Print_Venice_1575_v4","367","CCCLXVII","CONSILIVM CCCLXVII.","1","In Christi Nomine Amen.","page_164.xml","page_164.xml","page_164.xml"
"Baldo_Cons_Print_Venice_1575_v4","368","CCCLXVIII","CONSILIVM CCCLXVIII.","1","In Christi Nomine Amen.","page_164.xml","page_164.xml","page_164.xml"
"Baldo_Cons_Print_Venice_1575_v4","369","CCCLXIX","CONSILIVM CCCLXIX.","1","In Christi Nomine Amen.","page_164.xml","page_164.xml","page_164.xml"
"Baldo_Cons_Print_Venice_1575_v4","370","CCCLXX","CONSILIVM CCCLXX.","1","In Christi Nomine Amen. Tria dubia mouentur. primum super libello an sit ineptus…","page_164.xml","page_165.xml","page_164.xml; page_165.xml"
"Baldo_Cons_Print_Venice_1575_v4","371","CCCLXXI","CONSILIVM CCCLXXI.","1","In Christi Nomine Amen. Viso tenore ipsorum dictorum instrumentorum mandati, et …","page_165.xml","page_166.xml","page_165.xml; page_166.xml"
"Baldo_Cons_Print_Venice_1575_v4","372","CCCLXXII","CONSILIVM CCCLXXII.","1","In Christi Nomine Amen. Tempore diui Federici Imperatoris quidam Abbas sancti Pe…","page_166.xml","page_166.xml","page_166.xml"
"Baldo_Cons_Print_Venice_1575_v4","373","CCCLXXIII","CONSILIVM CCCLXXIII.","1","In Christi Nomine Amen. Viso tenore dictorum instrumentorum, quaeritur, an gesta…","page_166.xml","page_167.xml","page_166.xml; page_167.xml"
"Baldo_Cons_Print_Venice_1575_v4","375","CCCLXXV","CONSILIVM CCCLXXV.","1","tiam finitam. nume. i. item quid si verbis simplicibus concedatur. nu. 3. Pactum…","page_167.xml","page_167.xml","page_167.xml"
"Baldo_Cons_Print_Venice_1575_v4","376","CCCLXXVI","CONSILIVM CCCLXXVI.","1","In Christi Nomine Amen. Super dicto puncto videtur mihi Bald. V. I. D. valere, e…","page_167.xml","page_168.xml","page_167.xml; page_168.xml"
"Baldo_Cons_Print_Venice_1575_v4","377","CCCLXXVII","CONSILIVM CCCLXXVII.","1","In Christi Nomine Amen. Factum ita se habet. Simon ser Angeli de Cortona accepit…","page_168.xml","page_168.xml","page_168.xml"
"Baldo_Cons_Print_Venice_1575_v4","378","CCCLXXVIII","CONSILIVM CCCLXXVIII.","1","In Christi Nomine Amen.","page_168.xml","page_169.xml","page_168.xml; page_169.xml"
"Baldo_Cons_Print_Venice_1575_v4","379","CCCLXXIX","CONSILIVM CCCLXXIX.","1","Testator si instituit haeredem in re certa, et coarctauit suam institutionem in …","page_169.xml","page_170.xml","page_169.xml; page_170.xml"
"Baldo_Cons_Print_Venice_1575_v4","380","CCCLXXX","CONSILIVM CCCLXXX.","1","In Christi Nomine Amen. osper eo, quod quęritur, an executor datus in testamento…","page_170.xml","page_171.xml","page_170.xml; page_171.xml"
"Baldo_Cons_Print_Venice_1575_v4","381","CCCLXXX","CONSILIVM CCCLXXX","1","In Christi Nomine. Amen.","page_171.xml","page_171.xml","page_171.xml"
"Baldo_Cons_Print_Venice_1575_v4","382","CCCLXXXII","CONSILIVM CCCLXXXII..","1","In Christi Nomine Amen. rities","page_171.xml","page_172.xml","page_171.xml; page_172.xml"
"Baldo_Cons_Print_Venice_1575_v4","383","CCCLXXXIII","CONSILIVM CCCLXXXIII.","1","In Christi Nomine Amen. Primo tria excutienda videntur, primo circa libellum, an…","page_172.xml","page_173.xml","page_172.xml; page_173.xml"
"Baldo_Cons_Print_Venice_1575_v4","384","CCCLXXXIIIII","CONSILIVM CCCLXXXIIIII.","1","In Christi Nomine Amen.","page_173.xml","page_173.xml","page_173.xml"
"Baldo_Cons_Print_Venice_1575_v4","385","CCCLXXXV","CONSILIVM CCCLXXXV.","1","In Christi Nomine Amen.","page_173.xml","page_174.xml","page_173.xml; page_174.xml"
"Baldo_Cons_Print_Venice_1575_v4","386","CCCLXXXVI","CONSILIVM CCCLXXXVI.","1","In Christi Nomine Amen.","page_174.xml","page_174.xml","page_174.xml"
"Baldo_Cons_Print_Venice_1575_v4","387","CCCLXXXVII","CONSILIVM CCCLXXXVII.","1","In Christi Nomine Amen.","page_174.xml","page_174.xml","page_174.xml"
"Baldo_Cons_Print_Venice_1575_v4","388","CCCLXXXVIII","CONSILIVM CCCLXXXVIII.","1","In Christi Nomine Amen.","page_174.xml","page_175.xml","page_174.xml; page_175.xml"
"Baldo_Cons_Print_Venice_1575_v4","389","CCCLXXXIX","CONSILIVM CCCLXXXIX.","1","In Christi Nomine Amen.","page_175.xml","page_175.xml","page_175.xml"
"Baldo_Cons_Print_Venice_1575_v4","390","CCCXC","CONSILIVM CCCXC.","1","Accessus an, et quando pateat alicui ad rem suam. In Christi Nomine Amen.","page_175.xml","page_176.xml","page_175.xml; page_176.xml"
"Baldo_Cons_Print_Venice_1575_v4","391","CCCXCI","CONSILIVM CCCXCI.","1","Statuto non intelligitur ius legitimae adimi, vel minui, nisi specialem mentione…","page_176.xml","page_176.xml","page_176.xml"
"Baldo_Cons_Print_Venice_1575_v4","392","CCCXCII","CONSILIVM CCCXCII.","1","Renuntiatio in certis non facit accrescere coharedibus. Instrumentis notarii dep…","page_176.xml","page_177.xml","page_176.xml; page_177.xml"
"Baldo_Cons_Print_Venice_1575_v4","393","CCCXCIII","CONSILIVM CCCXCIII.","1","In Christi Nomine Amen. Praemissis duabus regulis, quarum prima est,","page_177.xml","page_179.xml","page_177.xml; page_178.xml; page_179.xml"
"Baldo_Cons_Print_Venice_1575_v4","394","CCCXCIIII","CONSILIVM CCCXCIIII.","1","In Christr. Nomine Amen. Super primo puncto, an dicta scriptura valeat tanquam t…","page_179.xml","page_179.xml","page_179.xml"
"Baldo_Cons_Print_Venice_1575_v4","395","CCCXCV","CONSILIVM CCCXCV","1","In Christi Nomine Amen.","page_179.xml","page_179.xml","page_179.xml"
"Baldo_Cons_Print_Venice_1575_v4","396","CCCXCVI","CONSILIVM CCCXCVI.","1","Quod autem mo, quo sic ex psona statuentiu, secundo ex persona eorum, quibus imp…","page_179.xml","page_180.xml","page_179.xml; page_180.xml"
"Baldo_Cons_Print_Venice_1575_v4","397","CCCXCVII","CONSILIVM CCCXCVII.","1","In Christi Nomine Amen.","page_180.xml","page_180.xml","page_180.xml"
"Baldo_Cons_Print_Venice_1575_v4","398","CCCXCVIII","CONSILIVM CCCXCVIII.","1","et auia, si neglexerunt petere tutorem infra annum, repel. luntur. In Christi No…","page_180.xml","page_181.xml","page_180.xml; page_181.xml"
"Baldo_Cons_Print_Venice_1575_v4","399","CCCXCIX","CONSILIVM CCCXCIX.","1","In Christi Nomine Amen.","page_181.xml","page_181.xml","page_181.xml"
"Baldo_Cons_Print_Venice_1575_v4","400","CCCC","CONSILIVM CCCC.","1","Donatio facta per syndicum castri de ipso castro an valeat. Clausula, quod tot s…","page_181.xml","page_183.xml","page_181.xml; page_182.xml; page_183.xml"
"Baldo_Cons_Print_Venice_1575_v4","401","CCCCI","CONSILIVM CCCcI.","1","In Christi Nomine Amen.","page_183.xml","page_183.xml","page_183.xml"
"Baldo_Cons_Print_Venice_1575_v4","402","CCCCII","CONSILIVM CCCCII.","1","In Christi Nomine Amen.","page_183.xml","page_184.xml","page_183.xml; page_184.xml"
"Baldo_Cons_Print_Venice_1575_v4","403","CCCCIII","CONSILIVM CCCCIII.","1","In Christi Nomine Amen.","page_184.xml","page_184.xml","page_184.xml"
"Baldo_Cons_Print_Venice_1575_v4","404","CCCCIIII","CONSILIVM CCCCIIII.","1","In Christi Nomine Amen.","page_184.xml","page_184.xml","page_184.xml"
"Baldo_Cons_Print_Venice_1575_v4","405","CCCCV","CONSILIVM CCCCV.","1","In Christi Nomine Amen.","page_184.xml","page_185.xml","page_184.xml; page_185.xml"
"Baldo_Cons_Print_Venice_1575_v4","406","CCCCVI","CONSILIVM CCCCVI.","1","In Christi Nomine Amen. Pręmittendum est, quod actore non probante reus absoluit…","page_185.xml","page_185.xml","page_185.xml"
"Baldo_Cons_Print_Venice_1575_v4","407","CCCCVII","CONSILIVM CCCCVII.","1","In Christi Nomine Amen.","page_185.xml","page_185.xml","page_185.xml"
"Baldo_Cons_Print_Venice_1575_v4","408","CCCCVIII","CONSILIVM CCCCVIII.","1","In Christi Nomine Amen. Super eo, quod quaeritur, an filii Dulcetae succedant Bi…","page_185.xml","page_185.xml","page_185.xml"
"Baldo_Cons_Print_Venice_1575_v4","409","CCCCIX","CONSILIVM CCCCIX.","1","In Christi Nomine Amen.","page_185.xml","page_186.xml","page_185.xml; page_186.xml"
"Baldo_Cons_Print_Venice_1575_v4","410","CCCCX","CONSILIVM CCCCX.","1","Tempus longi qui patitur labi, an videatur tacite renunciasse iuri dicendi nullu…","page_186.xml","page_186.xml","page_186.xml"
"Baldo_Cons_Print_Venice_1575_v4","411","CCCCXI","CONSILIVM CCCCXI.","1","In Christi Nomine Amen.","page_186.xml","page_186.xml","page_186.xml"
"Baldo_Cons_Print_Venice_1575_v4","412","CCCCXII","CONSILIVM CCCCXII.","1","Et ita fidem me scripsi, et siguo mei nominis signaui.","page_186.xml","page_187.xml","page_186.xml; page_187.xml"
"Baldo_Cons_Print_Venice_1575_v4","413","CCCCXIII","CONSILIVM CCCCXIII.","1","In Christi Nomine Amen. Viso testamento Bozzanis de Burgo, in quo in omnibus sui…","page_187.xml","page_187.xml","page_187.xml"
"Baldo_Cons_Print_Venice_1575_v4","414","CCCCXIIII","CONSILIVM CCCCXIIII.","1","In Christi Nomine Amen.","page_187.xml","page_188.xml","page_187.xml; page_188.xml"
"Baldo_Cons_Print_Venice_1575_v4","415","CCCCXV","CONSILIVM CCCCXV.","1","In Christi Nomine Amen.","page_188.xml","page_188.xml","page_188.xml"
"Baldo_Cons_Print_Venice_1575_v4","416","CCCCXVI","CONSILIVM CCCCXVI.","1","In Christi Nomine Amen. Visa substitutione Raramontis, in qua vniuersaliter subs…","page_188.xml","page_188.xml","page_188.xml"
"Baldo_Cons_Print_Venice_1575_v4","417","CCCCXVII","CONSILIVM CCCCXVII.","1","In Christi Nomine Amen. Magistet Benedictus decessit viuo testatore, Nicolutius …","page_188.xml","page_189.xml","page_188.xml; page_189.xml"
"Baldo_Cons_Print_Venice_1575_v4","418","CCCCXVIII","CONSILIVM CCCCXVIII.","1","In Christi Nomine Amen.","page_189.xml","page_189.xml","page_189.xml"
"Baldo_Cons_Print_Venice_1575_v4","419","CCCCXIX","CONSILIVM CCCCXIX.","1","In Christi Nomine Amen. Dominus noster Papa nobili, et egregio militi, atque doc…","page_189.xml","page_189.xml","page_189.xml"
"Baldo_Cons_Print_Venice_1575_v4","420","CCCCXX","CONSILIVM CCCCXX.","1","In Christi Nomine Amen.","page_189.xml","page_190.xml","page_189.xml; page_190.xml"
"Baldo_Cons_Print_Venice_1575_v4","421","CCCCXXI","CONSILIVM CCCCXXI.","1","In Christi Nomine Amen.","page_190.xml","page_190.xml","page_190.xml"
"Baldo_Cons_Print_Venice_1575_v4","422","CCCCXXII","CONSILIVM CCCCXXII.","1","OD allegabo pro, et contra, vt magis appareat veritas, deinde respondebo illud, …","page_190.xml","page_190.xml","page_190.xml"
"Baldo_Cons_Print_Venice_1575_v4","423","CCCCXXIII","CONSILIVM CCCCXXIII.","1","In Christi Nomine Amen.","page_190.xml","page_191.xml","page_190.xml; page_191.xml"
"Baldo_Cons_Print_Venice_1575_v4","424","CCCCXXIIII","CONSILIVM CCCCXXIIII.","1","In Christi Nomine Amen. Praesupposito, quod dictus testator post testamentum acc…","page_191.xml","page_191.xml","page_191.xml"
"Baldo_Cons_Print_Venice_1575_v4","425","CCCCXXV","CONSILIVM CCCCXXV.","1","In Christi Nomine Amen.","page_191.xml","page_191.xml","page_191.xml"
"Baldo_Cons_Print_Venice_1575_v4","426","CCCCXXVI","CONSILIVM CCCCXXVI.","1","In Christi Nomine Amen. Super puncto praemisso multae allegationes sunt per alio…","page_191.xml","page_192.xml","page_191.xml; page_192.xml"
"Baldo_Cons_Print_Venice_1575_v4","427","CCCCXXVII","CONSILIVM CCCCXXVII.","1","In Christi Nomine Amen. Reuerendissimi domini Archi. theatenus videtur velle com…","page_192.xml","page_193.xml","page_192.xml; page_193.xml"
"Baldo_Cons_Print_Venice_1575_v4","428","CCCCXXVIII","CONSILIVM CCCCXXVIII.","1","In Christi Nomine Amen.","page_193.xml","page_193.xml","page_193.xml"
"Baldo_Cons_Print_Venice_1575_v4","429","CCCCXXIX","CONSILIVM CCCCXXIX.","1","In Christi Nomine Amen.","page_193.xml","page_194.xml","page_193.xml; page_194.xml"
"Baldo_Cons_Print_Venice_1575_v4","430","CCCCXXX","CONSILIVM CCCCXXX.","1","Ciuitates ecclesiae an habeant merum, et mixtum imperium. In Christi Nomine Amen…","page_194.xml","page_195.xml","page_194.xml; page_195.xml"
"Baldo_Cons_Print_Venice_1575_v4","431","CCCCXXXI","CONSILIVM CCCCXXXI.","1","In Christi Nomine Amen.","page_195.xml","page_195.xml","page_195.xml"
"Baldo_Cons_Print_Venice_1575_v4","432","CCCCXXXII","CONSILIVM CCCCXXXII.","1","In Christi Nomine Amen.","page_195.xml","page_195.xml","page_195.xml"
"Baldo_Cons_Print_Venice_1575_v4","433","CCCCXXXIII","CONSILIVM CCCCXXXIII.","1","In Christi Nomine Amen.","page_195.xml","page_196.xml","page_195.xml; page_196.xml"
"Baldo_Cons_Print_Venice_1575_v4","434","CCCCXXXIIII","CONSILIVM CCCCXXXIIII.","1","In Christi Nomine Amen. Super eo, quod quaeritur, et in dubium reuocatur in caus…","page_196.xml","page_196.xml","page_196.xml"
"Baldo_Cons_Print_Venice_1575_v4","435","CCCCXXXV","CONSILIVM CCCCXXXV.","1","Substitutione facta, si aliquis hęredum fuit mortuus sine filiis, an alius, vel …","page_196.xml","page_197.xml","page_196.xml; page_197.xml"
"Baldo_Cons_Print_Venice_1575_v4","436","CCCCXXXVI","CONSILIVM CCCCXXXVI.","1","† Quia vsufru. per viam substitutionis relictus nepti praedictae, et vxori non e…","page_197.xml","page_197.xml","page_197.xml"
"Baldo_Cons_Print_Venice_1575_v4","437","CCCCXXXVII","CONSILIVM CCCCXXXVII.","1","In Christi Nomine Amen. Visa locatione molendinorum facta per Brunitiam Cisiolae…","page_197.xml","page_197.xml","page_197.xml"
"Baldo_Cons_Print_Venice_1575_v4","438","CCCCXXXVIII","CONSILIVM CCCCXXXVIII.","1","In Christi Nomine Amen.","page_197.xml","page_198.xml","page_197.xml; page_198.xml"
"Baldo_Cons_Print_Venice_1575_v4","439","CCCCXXXIX","CONSILIVM CCCCXXXIX.","1","In Christi Nomine Amen.","page_198.xml","page_199.xml","page_198.xml; page_199.xml"
"Baldo_Cons_Print_Venice_1575_v4","440","CCCCXL","CONSILIVM CCCCXL.","1","In Christi Nomine Amen. Praemissis verbis cuiusdam statuti in vulgari sic dicent…","page_199.xml","page_200.xml","page_199.xml; page_200.xml"
"Baldo_Cons_Print_Venice_1575_v4","441","CCCCXLI","CONSILIVM CCCCXLI.","1","Iestat Or meus decesserit in pupillati aetate, vel postea quandocunque, substitu…","page_200.xml","page_200.xml","page_200.xml"
"Baldo_Cons_Print_Venice_1575_v4","442","CCCCXLII","CONSILIVM CCCCXLII.","1","Arcolanus fuit confessus habuissea doICtu§. mina Paula vxore Petri dante, et sol…","page_200.xml","page_200.xml","page_200.xml"
"Baldo_Cons_Print_Venice_1575_v4","443","CCCCXLIII","CONSILIVM CCCCXLIII.","1","primum sciendum est, quod stimulare equum caleatmbmt se nulConsilia. IOI se null…","page_200.xml","page_201.xml","page_200.xml; page_201.xml"
"Baldo_Cons_Print_Venice_1575_v4","444","CCCCXLIIII","CONSILIVM CCCCXLIIII.","1","Quoties ex declaratione futura acquiritur ius reipub. talis declaratio fieri deb…","page_201.xml","page_201.xml","page_201.xml"
"Baldo_Cons_Print_Venice_1575_v4","445","CCCCXLV","CONSILIVM CCCCXLV.","1","Subiectus, qui non est simpliciter, sed secundum quid, non dicitur subiectus. Ci…","page_201.xml","page_203.xml","page_201.xml; page_202.xml; page_203.xml"
"Baldo_Cons_Print_Venice_1575_v4","446","CCCCXLVI","CONSILIVM CCCCXLVI.","1","† esset dicere, quod fratres consanguiQua opr inlo nei in bonis a patre descende…","page_203.xml","page_203.xml","page_203.xml"
"Baldo_Cons_Print_Venice_1575_v4","447","CCCCXLVII","CONSILIVM CCCCXLVII.","1","† cauetur, quod si quis decesserit intestatus siOLaLItOe liberis, mater ad succe…","page_203.xml","page_203.xml","page_203.xml"
"Baldo_Cons_Print_Venice_1575_v4","448","CCCCXLVIII","CONSILIVM CCCCXLVIII.","1","tas pro vestro montone. et deinde dicti Socii superuiuentes secerunt citari dict…","page_203.xml","page_204.xml","page_203.xml; page_204.xml"
"Baldo_Cons_Print_Venice_1575_v4","449","CCCCXLIX","CONSILIVM CCCCXLIX.","1","Functus pi: mobilibus, et immobilibus, iuribus, et actionibus, vbicunque sunt, e…","page_204.xml","page_204.xml","page_204.xml"
"Baldo_Cons_Print_Venice_1575_v4","450","CCCCL","CONSILIVM CCCCL.","1","† primo puncto considerandae sunt duae praescriOLDCl ptiones, vna est praescript…","page_204.xml","page_205.xml","page_204.xml; page_205.xml"
"Baldo_Cons_Print_Venice_1575_v4","451","CCCCLI","CONSILIVM CCCCLI.","1","cIntelligo, cesserunt maiores i 8. annis, et minores 20. vnde vigore substitutio…","page_205.xml","page_205.xml","page_205.xml"
"Baldo_Cons_Print_Venice_1575_v4","452","CCCCLII","CONSILIVM CCCCLII.","1","† domina Catherina est haeres vniuersalis PoliId damassi, potest sua authoritate…","page_205.xml","page_205.xml","page_205.xml"
"Baldo_Cons_Print_Venice_1575_v4","453","CCCCLIII","CONSILIVM CCCCLIII.","1","† non potest dari certa sententia, niSuper facto i conitito de facto per fidem p…","page_205.xml","page_205.xml","page_205.xml"
"Baldo_Cons_Print_Venice_1575_v4","454","CCCCLIIII","CONSILIVM CCCCLIIII.","1","† Quaedam habuit duos filios, quos in VCIs, suo vltimo testamento tanquam legiti…","page_205.xml","page_206.xml","page_205.xml; page_206.xml"
"Baldo_Cons_Print_Venice_1575_v4","455","CCCCLV","CONSILIVM CCCCLV.","1","† melius sub aetate probauerit in praecedenti conMlS silio, quod est supra per v…","page_206.xml","page_206.xml","page_206.xml"
"Baldo_Cons_Print_Venice_1575_v4","456","CCCCLVI","CONSILIVM CCCCLVI.","1","mortem suam. quod legatum non valet, ff. de vsufru. l. Titio cum morietur. vnde …","page_206.xml","page_207.xml","page_206.xml; page_207.xml"
"Baldo_Cons_Print_Venice_1575_v4","457","CCCCLVII","CONSILIVM CCCCLVII.","1","Statuta consulum ligant forenses ratione contractus. sic proponitur. Franci. de …","page_207.xml","page_208.xml","page_207.xml; page_208.xml"
"Baldo_Cons_Print_Venice_1575_v4","458","CCCCLVIII","CONSILIVM CCCCLVIII.","1","sacrilegi","page_208.xml","page_208.xml","page_208.xml"
"Baldo_Cons_Print_Venice_1575_v4","459","CCCCLIX","CONSILIVM CCCCLIX.","1","De materia huius consilii adde infra consi. 365. atque articulis, Visa dicta pet…","page_208.xml","page_210.xml","page_208.xml; page_209.xml; page_210.xml"
"Baldo_Cons_Print_Venice_1575_v4","460","CCCCLX","CONSILIVM CCCCLX.","1","† tale est, Ser Paulus Butrii vendidit BeneFactum dicto Guidutii de Sigillo vnum…","page_210.xml","page_210.xml","page_210.xml"
"Baldo_Cons_Print_Venice_1575_v4","461","CCCCLXI","CONSILIVM CCCCLXI.","1","Coniunctus vtriusque partis dans dotem admittitur in tessem cum cesset sinistra …","page_210.xml","page_210.xml","page_210.xml"
"Baldo_Cons_Print_Venice_1575_v4","462","CCCCLXII","CONSILIVM CCCCLXII.","1","habet libram in dicta villa, tamen non habitauit per plits anConsilia. 106 nos a…","page_210.xml","page_211.xml","page_210.xml; page_211.xml"
"Baldo_Cons_Print_Venice_1575_v4","463","CCCCLXIII","CONSILIVM CCCCLXIII.","1","† sunt rippa, li:tus, alueus, aqua, et flumiQuatuor duo sunt. l. nauigabile, et …","page_211.xml","page_212.xml","page_211.xml; page_212.xml"
"Baldo_Cons_Print_Venice_1575_v4","464","CCCCLXIIII","CONSILIVM CCCCLXIIII.","1","† an dicta scriptura valeat, cum non Dubitatur, appateat protocollum, quod in vu…","page_212.xml","page_212.xml","page_212.xml"
"Baldo_Cons_Print_Venice_1575_v4","465","CCCCLXV","CONSILIVM CCCCLXV.","1","dictis articulis, et dictis testium, quaestio est mihiVIS dubia pro certo. et ca…","page_212.xml","page_213.xml","page_212.xml; page_213.xml"
"Baldo_Cons_Print_Venice_1575_v4","466","CCCCLXVI","CONSILIVM CCCCLXVI.","1","† an si creditor absente debitore coramQdaeritur, amicis confitetur sibi solutum…","page_213.xml","page_213.xml","page_213.xml"
"Baldo_Cons_Print_Venice_1575_v4","467","CCCCLXVII","CONSILIVM CCCCLXVII.","1","Factut olim Accursini duas habuit suas filias legitimas, et naturales, videlicet…","page_213.xml","page_214.xml","page_213.xml; page_214.xml"
"Baldo_Cons_Print_Venice_1575_v4","468","CCCCLXVIII","CONSILIVM CCCCLXVIII.","1","Qida  prelegata, demun ees haeredes instituit, et substituit in praelegatis tant…","page_214.xml","page_214.xml","page_214.xml"
"Baldo_Cons_Print_Venice_1575_v4","469","CCCLXIX","CONSILIVM CCCLXIX.","1","Impedito propter casum fortuitum non currit tempus. recordationis Honorius Papa …","page_214.xml","page_215.xml","page_214.xml; page_215.xml"
"Baldo_Cons_Print_Venice_1575_v4","470","CCCCLXX","CONSILIVM CCCCLXX.","1","ctds halus tradidit in vxorem dominam Ple. si liam cuidam nomine An. cum dote, g…","page_215.xml","page_215.xml","page_215.xml"
"Baldo_Cons_Print_Venice_1575_v4","471","CCCCLXXI","CONSILIVM CCCCLXXI.","1","solennitas,","page_215.xml","page_215.xml","page_215.xml"
"Baldo_Cons_Print_Venice_1575_v4","472","CCCCLXXII","CONSILIVM CCCCLXXII.","1","Donationes clan destinae licet sint suspectae, tamee valent. Actio pro socio 10.…","page_215.xml","page_215.xml","page_215.xml"
"Baldo_Cons_Print_Venice_1575_v4","473","CCCCLXXIII","CONSILIVM CCCCLXXIII.","1","Substituto. C. de legit haere l. sciant. Secus in substituto per fideicom. vt l.…","page_215.xml","page_215.xml","page_215.xml"
"Baldo_Cons_Print_Venice_1575_v4","474","CCCLXXIIII","CONSILIVM CCCLXXIIII.","1","Statutum possit testati, nisi expresse reseruauerit ius commune Eug. ut suprascr…","page_215.xml","page_216.xml","page_215.xml; page_216.xml"
"Baldo_Cons_Print_Venice_1575_v4","475","CCCCLXXV","CONSILIVM CCCCLXXV","1","TetFds in matricula dictae artis, conuenit Martinum non artificem coram lo. Came…","page_216.xml","page_216.xml","page_216.xml"
"Baldo_Cons_Print_Venice_1575_v4","476","CCCCLXXVI","CONSILIVM CCCCLXXVI.","1","partem vigore statuti etc. factis coram arbitris inter Vincentium, et PauLX aCLI…","page_216.xml","page_217.xml","page_216.xml; page_217.xml"
"Baldo_Cons_Print_Venice_1575_v4","477","CCCCLXXVII","CONSILIVM CCCCLXXVII.","1","Statutum nouum an porrigat vires ad dotes veteres, quasi restitutio erat fienda …","page_217.xml","page_218.xml","page_217.xml; page_218.xml"
"Baldo_Cons_Print_Venice_1575_v4","478","CCCCLXXVIII","CONSILIVM CCCCLXXVIII.","1","Clausula temporalium, et spiritualium multum restringitur in vicario episcopi. V…","page_218.xml","page_220.xml","page_218.xml; page_219.xml; page_220.xml"
"Baldo_Cons_Print_Venice_1575_v4","479","CCCCLXXIX","CONSILIVM CCCCLXXIX.","1","† pater dotat, et statim stipulatur sibi, hęQandoredibusque suis, an eo mortuo d…","page_220.xml","page_220.xml","page_220.xml"
"Baldo_Cons_Print_Venice_1575_v4","480","CCCCLXXX","CONSILIVM CCCCLXXX.","1","† determinari potest per legem boIsta quaestio na fides. s. incurrit ff. deposiu…","page_220.xml","page_221.xml","page_220.xml; page_221.xml"
"Baldo_Cons_Print_Venice_1575_v4","481","CCCCLXXXI","CONSILIVM CCCCLXXXI.","1","Commissio de receptione testium facta per iudicem notario habet vim interlocutor…","page_221.xml","page_225.xml","page_221.xml; page_222.xml; page_223.xml; page_224.xml; page_225.xml"
"Baldo_Cons_Print_Venice_1575_v4","482","CCCCLXXXII","CONSILIVM CCCCLXXXII.","1","† vocatus nomine actus fuit legaQuia dictds tatius, et non nudus minister, tras …","page_225.xml","page_225.xml","page_225.xml"
"Baldo_Cons_Print_Venice_1575_v4","483","CCCCLXXXIII","CONSILIVM CCCCLXXXIII. .","1","Viso statuto bous fadis per minorem. et visaprima refutatione facta per dictam F…","page_225.xml","page_226.xml","page_225.xml; page_226.xml"
"Baldo_Cons_Print_Venice_1575_v4","484","CCCCLXXXIIII","CONSILIVM CCCCLXXXIIII.","1","CalIis.8. de mense Iulii suum condidit testamentum, in quo disposuit inter alia …","page_226.xml","page_226.xml","page_226.xml"
"Baldo_Cons_Print_Venice_1575_v4","485","CCCCLXXXV","CONSILIVM CCCCLXXXV.","1","Qui legat, eeaiappatatu, et istumito egn. davsufr. Consilia. II4 psufru. l. sed …","page_226.xml","page_227.xml","page_226.xml; page_227.xml"
"Baldo_Cons_Print_Venice_1575_v4","486","CCCCLXXXVI","ONSILIVM CCCCLXXXVI.","1","† pro delicto fiendo promittitur indemQuando nitas, non valet promissio. ff. de …","page_227.xml","page_227.xml","page_227.xml"
"Baldo_Cons_Print_Venice_1575_v4","487","CCCCLXXXV","ONSILIVM CCCCLXXXV.","1","† quod multiplici Considerandum est, ter aliquis alia associat, nam quandoque as…","page_227.xml","page_227.xml","page_227.xml"
"Baldo_Cons_Print_Venice_1575_v4","488","CCCCLXXXVIII","CONSILIVM CCCCLXXXVIII.","1","ptio. doli. quod sit donatio inter viuos saltem inter coniunctas Quarta Pars Con…","page_227.xml","page_228.xml","page_227.xml; page_228.xml"
"Baldo_Cons_Print_Venice_1575_v4","489","CCCCLXXXIX","CONSILIVM CCCCLXXXIX.","1","Punctus talis est. Quidam nomine Bartolutius Colae de Ancona condito testamento,…","page_228.xml","page_228.xml","page_228.xml"
"Baldo_Cons_Print_Venice_1575_v4","490","CCCCXC","CONSILIVM CCCCXC.","1","Otatutoum patris superuiuentibus filiis masculis, et quia masculus hic fuit inst…","page_228.xml","page_229.xml","page_228.xml; page_229.xml"
"Baldo_Cons_Print_Venice_1575_v4","491","CCCCXCI","CONSILIVM CCCCXCI.","1","Punctus, dam nomine Restorus de Corbonio habens domum propriam prope domum Matth…","page_229.xml","page_229.xml","page_229.xml"
"Baldo_Cons_Print_Venice_1575_v4","492","CCCCXCII","CONSILIVM CCCCXCII.","1","Punctus, dam mulier nomine Margatita habuit","page_229.xml","page_229.xml","page_229.xml"
"Baldo_Cons_Print_Venice_1575_v4","493","CCCCXCIII","CONSILIVM CCCCXCIII.","1","Multiloquium qnium semp placuit. duo contraxerunt societatem hoc modo, quia vnus…","page_229.xml","page_231.xml","page_229.xml; page_230.xml; page_231.xml"
"Baldo_Cons_Print_Venice_1575_v4","496","CCCCXCVI","LIVM CCCCXCVI.","1","Non solum statuta, quae fiunt contra liberta. eccle. directo non valent, sed eti…","page_231.xml","page_232.xml","page_231.xml; page_232.xml"
"Baldo_Cons_Print_Venice_1575_v4","497","CCCCXCVII","CONSILIVM CCCCXCVII.","1","†vtrum per l. pen. et fi. C. de reuoOSi quaeratur, can. dona. propter ingratitud…","page_232.xml","page_232.xml","page_232.xml"
"Baldo_Cons_Print_Venice_1575_v4","498","CCCCXCVIII","CONSILIVM CCCCXCVIII.","1","† domini Barth. haec est, quod elapso primo anODinlO no matri incipiat secundus …","page_232.xml","page_232.xml","page_232.xml"
"Baldo_Cons_Print_Venice_1575_v4","499","CCCCXCIX","CONSILIVM CCCCXCIX.","1","Castra, ad quae ciuitas mittit potestates, qui non cognoscunt nisi de causis ciu…","page_232.xml","page_232.xml","page_232.xml"
"Baldo_Cons_Print_Venice_1575_v4","500","?","OMIOOOLIX.","1","castra distinguuntur secundum quid. ergo non sunt pj II7 Consilia. de districtu.…","page_232.xml","page_234.xml","page_232.xml; page_233.xml; page_234.xml"
"Baldo_Cons_Print_Venice_1575_v4","1494","M CCCCXCIIII","CONSILIV M CCCCXCIIII","1","† Iuuenalis dicta d. Cather. doost mortei nec viuit, debet habere vsums. omnium …","page_231.xml","page_231.xml","page_231.xml"
"Baldo_Cons_Print_Venice_1575_v5","0","?","BIIOII","0","","page_103.xml","page_103.xml","page_103.xml"
"Baldo_Cons_Print_Venice_1575_v5","0","?","ABCDEPGHI","0","","page_278.xml","page_278.xml","page_278.xml"
"Baldo_Cons_Print_Venice_1575_v5","1","PRIMVM","CONSILIVM PRIMVM.CI","1","vbi tractatur de danno, praesumitur error, probaudo rem aliter se habere. N Chri…","page_003.xml","page_003.xml","page_003.xml"
"Baldo_Cons_Print_Venice_1575_v5","2","II","CONSILIVM II.","1","Statutum, quod non possit appellari a sententia, in qua iudex pronuntiat se esse…","page_003.xml","page_004.xml","page_003.xml; page_004.xml"
"Baldo_Cons_Print_Venice_1575_v5","3","III","CONSILIVM III.","1","quod etiam ex coniecturis deprehenditur. In Christi Nomine Amen. Pactum tale est…","page_004.xml","page_005.xml","page_004.xml; page_005.xml"
"Baldo_Cons_Print_Venice_1575_v5","4","IIII","CONSILIVM IIII.","1","In Christi Nomine Amen. Quidam A. obtinuit a domino nostro Papa causam iniuriaru…","page_005.xml","page_005.xml","page_005.xml"
"Baldo_Cons_Print_Venice_1575_v5","5","V","CONSILIVM. V.","1","In Christi Nomine Amen. Considerata causa, pro qua vxor se obligauit: quia pro e…","page_005.xml","page_005.xml","page_005.xml"
"Baldo_Cons_Print_Venice_1575_v5","6","VI","CONSILIVM VI.","1","Dispositum in vno ex correlatiuis non habet locum in alio, quando sunt dispares.…","page_005.xml","page_006.xml","page_005.xml; page_006.xml"
"Baldo_Cons_Print_Venice_1575_v5","7","VII","CONSILIVM VII.","1","Pollicitatio facta tabellioni non obligat pollicitan tem: sed de bet fieri offic…","page_006.xml","page_006.xml","page_006.xml"
"Baldo_Cons_Print_Venice_1575_v5","8","VIII","CONSILIVM VIII.","1","In Christi Nomine. Amen.","page_006.xml","page_006.xml","page_006.xml"
"Baldo_Cons_Print_Venice_1575_v5","9","IX","CONSILIVM IX.","1","In Christi Nomine. Amen.","page_006.xml","page_006.xml","page_006.xml"
"Baldo_Cons_Print_Venice_1575_v5","10","X","CONSILIVM X.","1","In Christi Nomine Amen. In quęstione, quae vertitur inter Philippum ex parte vna…","page_006.xml","page_008.xml","page_006.xml; page_007.xml; page_008.xml"
"Baldo_Cons_Print_Venice_1575_v5","11","XI","CONSILIVM XI.","1","In Christi Nomine Amen.","page_008.xml","page_008.xml","page_008.xml"
"Baldo_Cons_Print_Venice_1575_v5","12","XII","CONSILIVM XII.","1","In Christi Nomine Amen.","page_008.xml","page_008.xml","page_008.xml"
"Baldo_Cons_Print_Venice_1575_v5","13","XIII","CONSILIVM XIII.","1","In Christi Nomine Amen. Magnifico caualiere ho inteso, come Dominico de Messere …","page_008.xml","page_008.xml","page_008.xml"
"Baldo_Cons_Print_Venice_1575_v5","14","XIIII","CONSILIVM XIIII..","1","In Christi Nomine Amen.","page_008.xml","page_008.xml","page_008.xml"
"Baldo_Cons_Print_Venice_1575_v5","15","XV","CONSILIVM XV.","1","In Christi Nomine Amen. Punctus. verba cuiusdam contractus ita dicunt, quod Pet.…","page_008.xml","page_009.xml","page_008.xml; page_009.xml"
"Baldo_Cons_Print_Venice_1575_v5","16","XVI","CONSILIVM XVI.","1","In Christi Nomine Amen. Duabus rationibus videtur mihi, quod illa verba et vltra…","page_009.xml","page_009.xml","page_009.xml"
"Baldo_Cons_Print_Venice_1575_v5","17","XVII","CONSILIVM XVII.","1","In Christi Nomine. Amen. Factum sic proponitur. vacante plebe sanctę Marię de Ca…","page_009.xml","page_010.xml","page_009.xml; page_010.xml"
"Baldo_Cons_Print_Venice_1575_v5","18","XVIII","CONSILIVM XVIII.","1","In Christi Nomine Amen. Posito pro constanti, quod in adunantia generali electus…","page_010.xml","page_011.xml","page_010.xml; page_011.xml"
"Baldo_Cons_Print_Venice_1575_v5","19","XIX","CONSILIVM XIX.","1","In Christi Nomine Amen. Factum tale est. quidam Vannus Romae decessit condito te…","page_011.xml","page_011.xml","page_011.xml"
"Baldo_Cons_Print_Venice_1575_v5","20","XX","CONSILIVM XX.","1","In Christi Nomine Amen.","page_011.xml","page_013.xml","page_011.xml; page_012.xml; page_013.xml"
"Baldo_Cons_Print_Venice_1575_v5","21","XXI","CONSILIVM XXI.","1","In Christi Nomine Amen.","page_013.xml","page_014.xml","page_013.xml; page_014.xml"
"Baldo_Cons_Print_Venice_1575_v5","22","XXII","CONSIILIVM XXII.","1","In Christi Nomine. Amen. Quaedam domina Nicolina, ex Leporino eius marito duos f…","page_014.xml","page_015.xml","page_014.xml; page_015.xml"
"Baldo_Cons_Print_Venice_1575_v5","23","XXIII","CONSILIVM XXIII.","1","In Christi Nomine Amen. Praesupposito statuto ciuita. Spoleti, quo cauetur, quod…","page_015.xml","page_015.xml","page_015.xml"
"Baldo_Cons_Print_Venice_1575_v5","24","XXIIII","CONSILIVM XXIIII.","1","In Christi Nomine Amen. Quidam Vannes de Spoleto, reliquit cuidam Zarcharo quand…","page_015.xml","page_015.xml","page_015.xml"
"Baldo_Cons_Print_Venice_1575_v5","25","XXV","CONSILIVM XXV","1","In Christi Nomine Amen.","page_015.xml","page_016.xml","page_015.xml; page_016.xml"
"Baldo_Cons_Print_Venice_1575_v5","26","XXVI","CONSILIVM XXVI.","1","In Christi Nomine Amen.","page_016.xml","page_016.xml","page_016.xml"
"Baldo_Cons_Print_Venice_1575_v5","27","XXVII","CONSILIVM XXVII.","1","In Christi Nomine Amen. Supra, in quodam puncto donationis omissum fuit ponere, …","page_016.xml","page_016.xml","page_016.xml"
"Baldo_Cons_Print_Venice_1575_v5","28","XXVIII","CONSILIVM XXVIII.","1","In Christi Nomine Amen. Istud negotium est multum intricatum, tamen super duobus…","page_016.xml","page_016.xml","page_016.xml"
"Baldo_Cons_Print_Venice_1575_v5","29","XXIX","CONSILIVM XXIX.","1","In Christi Nomine Amen.","page_016.xml","page_017.xml","page_016.xml; page_017.xml"
"Baldo_Cons_Print_Venice_1575_v5","30","XXX","CONSILIVM XXX.","1","In Christi Nomine Amen. Viso testamento excelsi cuiusdam citadini, in quo Ciam e…","page_017.xml","page_017.xml","page_017.xml"
"Baldo_Cons_Print_Venice_1575_v5","31","XXXI","CONSILIVM XXXI.","1","In Christi Nomine Amen. Quidam Petrus de Collio, legauit Cecho eius nepoti quodd…","page_017.xml","page_017.xml","page_017.xml"
"Baldo_Cons_Print_Venice_1575_v5","32","XXXII","CONSILIVM XXXII.","1","In Christi Nomine Amen. ho","page_017.xml","page_017.xml","page_017.xml"
"Baldo_Cons_Print_Venice_1575_v5","33","XXXIII","CCONSILIVM XXXIII.","1","In Christi Nomine Amen. Statuto cauetur, quod lite conte. iudex assignet partibu…","page_017.xml","page_018.xml","page_017.xml; page_018.xml"
"Baldo_Cons_Print_Venice_1575_v5","34","XXXIIII","CONSILIVM XXXIIII.","1","In Christi Nomine Amen. Statuto, seu capitulo communis Fauentini cauetur, quod q…","page_018.xml","page_020.xml","page_018.xml; page_019.xml; page_020.xml"
"Baldo_Cons_Print_Venice_1575_v5","35","XXXV","CONSILIVM XXXV","1","Coram successore an sint necessaria noua acta. In Christi Nomine Amen. Praemissi…","page_020.xml","page_020.xml","page_020.xml"
"Baldo_Cons_Print_Venice_1575_v5","36","XXXVI","CONSILIVM XXXVI.. .","1","In Christi Nomine Amen. Quidam Salnolinus Pelloli de cerqueto habens quandam ill…","page_020.xml","page_021.xml","page_020.xml; page_021.xml"
"Baldo_Cons_Print_Venice_1575_v5","37","XXXVII","CONSILIVM XXXVII.","1","Accusans alium de damno dat in silua sua: an teneatur probare dominium, vel poss…","page_021.xml","page_021.xml","page_021.xml"
"Baldo_Cons_Print_Venice_1575_v5","38","XXXVIII","CONSILIVM XXXVIII.","1","In Christi Nomine. Amen.","page_021.xml","page_022.xml","page_021.xml; page_022.xml"
"Baldo_Cons_Print_Venice_1575_v5","39","XXXIX","CONSILIVM XXXIX.","1","In Christi Nomine Amen. Viso testamento Bonauenturae Decani, in quo taliter disp…","page_022.xml","page_022.xml","page_022.xml"
"Baldo_Cons_Print_Venice_1575_v5","40","XL","CONSILIVM XL.","1","In Christi Nomine Amen.","page_022.xml","page_022.xml","page_022.xml"
"Baldo_Cons_Print_Venice_1575_v5","41","XLI","CONSILIVM XLI.","1","Inimicitia capitalis an inducatur ex eo, quia frater accu. fuit ad occidendum fr…","page_022.xml","page_023.xml","page_022.xml; page_023.xml"
"Baldo_Cons_Print_Venice_1575_v5","42","XLII","CONSILIVM XLII.","1","In Christi Nomine Amen.","page_023.xml","page_024.xml","page_023.xml; page_024.xml"
"Baldo_Cons_Print_Venice_1575_v5","43","XLIII","CONSILIVM XLIII.","1","In Christi Nomine Amen. Quidam Ser Cechus constituit se debitorem per solennem s…","page_024.xml","page_024.xml","page_024.xml"
"Baldo_Cons_Print_Venice_1575_v5","44","XLIIII","CONSILIVM XLIIII.","1","In Christi Nomine Amen. Contra quendam, qui ędificauit, et aedificatum habet in …","page_024.xml","page_025.xml","page_024.xml; page_025.xml"
"Baldo_Cons_Print_Venice_1575_v5","45","XLVI","CONSILIVM XLVI.","1","Statutum excludes vxoratum ab aliquo actu, an intelligatuu etiam de eo, qui cont…","page_025.xml","page_025.xml","page_025.xml"
"Baldo_Cons_Print_Venice_1575_v5","46","XLVI","CONSILIVM XLVI.","1","In Christi Nomine Amen. Constitutionibus domus sapientię cauetur, quod coniugati…","page_025.xml","page_026.xml","page_025.xml; page_026.xml"
"Baldo_Cons_Print_Venice_1575_v5","47","XLVII","CONSILIVM XLVII.","1","In Christi Nomine Amen. Factum tale est, statuto communis Aretii sub rubrica de …","page_026.xml","page_027.xml","page_026.xml; page_027.xml"
"Baldo_Cons_Print_Venice_1575_v5","48","XLVIII","CONSILIVM XLVIII.","1","In Christi Nomine Amen. Factum sic proponitur. haeres infra mensem incepit inuen…","page_027.xml","page_027.xml","page_027.xml"
"Baldo_Cons_Print_Venice_1575_v5","49","XLIX","CONSILIVM XLIX.","1","In Christi Nomine Amen. Statuto cauetur, quod mater transiens ad secunda vota ab…","page_027.xml","page_028.xml","page_027.xml; page_028.xml"
"Baldo_Cons_Print_Venice_1575_v5","50","L","CONSILIVM L.","1","In Christi Nomine Amen. Viso testamento q. domini Bonintendi de Matelica vtriusq…","page_028.xml","page_029.xml","page_028.xml; page_029.xml"
"Baldo_Cons_Print_Venice_1575_v5","51","LI","CONSILIVM LI.","1","In Christi Nomine Amen. Generali statuto cauetur, quod officiales non possunt re…","page_029.xml","page_030.xml","page_029.xml; page_030.xml"
"Baldo_Cons_Print_Venice_1575_v5","52","LII","CONSILIVM LII.","1","In Christi Nomine Amen. Liberis authoritate apostolica concessis cuidam religios…","page_030.xml","page_031.xml","page_030.xml; page_031.xml"
"Baldo_Cons_Print_Venice_1575_v5","53","LIII","CONSILIVM LIII.","1","Statutum domicilii viri attendendum est potius, quam originis vxoris. In Christi…","page_031.xml","page_032.xml","page_031.xml; page_032.xml"
"Baldo_Cons_Print_Venice_1575_v5","54","LIIII","CONSILIVM LIIII.","1","Naturalis ratio praeualet ciuili, et verba statuti debent naturaliter intelligi.…","page_032.xml","page_032.xml","page_032.xml"
"Baldo_Cons_Print_Venice_1575_v5","55","LV","CONSILIVM LV.","1","n Christi Nomine Amen. Quidam Lillus de Fulgineo decessit ab intestato, superuiu…","page_032.xml","page_033.xml","page_032.xml; page_033.xml"
"Baldo_Cons_Print_Venice_1575_v5","56","LVI","CONSILIVM LVI.","1","In Christi Nomine Amen. Proponitur, quod vnus ex dictis fratribus adhuc viuit, v…","page_033.xml","page_033.xml","page_033.xml"
"Baldo_Cons_Print_Venice_1575_v5","57","LVII","CONSILIVM LVII.","1","In Christi Nomine Amen. Punctus quaestionis talis est: quidam vsurarius manifest…","page_033.xml","page_035.xml","page_033.xml; page_034.xml; page_035.xml"
"Baldo_Cons_Print_Venice_1575_v5","58","LVIII","CONSILIVM LVIII.","1","In Christi Nomine Amen. Quidam est accusatus de turbata possessione, vt quia con…","page_035.xml","page_035.xml","page_035.xml"
"Baldo_Cons_Print_Venice_1575_v5","59","LIX","CONSILIVM LIX.","1","In Christi Nomine Amen. Quaedam mulier condidit testamentum, in quo inter alia t…","page_035.xml","page_036.xml","page_035.xml; page_036.xml"
"Baldo_Cons_Print_Venice_1575_v5","60","LX","CONSILIVM LX.","1","In Christi Nomine Amen. Quaedam soror de ordine minorum de praesentia, cum praes…","page_036.xml","page_037.xml","page_036.xml; page_037.xml"
"Baldo_Cons_Print_Venice_1575_v5","61","LXI","CONSILIVM LXI.","1","In Christi Nomine Amen. Factum sic proponitur. cum quidam esset diffamatus de fa…","page_037.xml","page_037.xml","page_037.xml"
"Baldo_Cons_Print_Venice_1575_v5","62","LXII","CONSILIVM LXII.","1","In Christi Nomine Amen. Punctus talis est. Petrus de ciuitate castelli decessit …","page_037.xml","page_037.xml","page_037.xml"
"Baldo_Cons_Print_Venice_1575_v5","63","LXIII","CONSILIVM LXIII.","1","Nuncius non potest citare sine mandato iudicis, nec ab eo appellatur. Nuncio non…","page_037.xml","page_038.xml","page_037.xml; page_038.xml"
"Baldo_Cons_Print_Venice_1575_v5","64","LXIIII","CONSILIVM LXIIII.","1","In Christi Nomine Amen. Punctus. Paulutius, et Ioannes supplicauerunt dominis pr…","page_038.xml","page_039.xml","page_038.xml; page_039.xml"
"Baldo_Cons_Print_Venice_1575_v5","65","LXV","CONSILIVM LXV.","1","In Christi Nomine Amen.","page_039.xml","page_039.xml","page_039.xml"
"Baldo_Cons_Print_Venice_1575_v5","66","LXVI","CONSILIVM LXVI.","1","In Christi Nomine Amen. Punctus talis est: in libro catastri communis castri ple…","page_039.xml","page_039.xml","page_039.xml"
"Baldo_Cons_Print_Venice_1575_v5","67","LXVII","ONSILIVM LXVII.","1","In Christi Nomine Amen. Punctus talis est. domina Magdalena pelegrini constante …","page_039.xml","page_040.xml","page_039.xml; page_040.xml"
"Baldo_Cons_Print_Venice_1575_v5","68","LXVIII","CONSILIVM LXVIII.","1","In Christi Nomine Amen.","page_040.xml","page_040.xml","page_040.xml"
"Baldo_Cons_Print_Venice_1575_v5","69","LXIX","CONSILIVM LXIX.","1","In Christi Nomine Amen. Factum tale est, mater petit haereditatem filiae a gener…","page_040.xml","page_041.xml","page_040.xml; page_041.xml"
"Baldo_Cons_Print_Venice_1575_v5","70","?","CONISLIVM LXX","1","In Christi Nomine Amen.","page_041.xml","page_041.xml","page_041.xml"
"Baldo_Cons_Print_Venice_1575_v5","71","LXXI","CONSILIVM LXXI.","1","tur legata alterius testatoris, cui ipse succedere potest, eo ipso videtur adire…","page_041.xml","page_041.xml","page_041.xml"
"Baldo_Cons_Print_Venice_1575_v5","72","LXXII","CONSILIVM. LXXII.","1","In Christi Nomine Amen. Quidam instituit hęredem taliter filiam suam: et si cape…","page_041.xml","page_041.xml","page_041.xml"
"Baldo_Cons_Print_Venice_1575_v5","73","LXXIII","CONSILIVM LXXIII.","1","In Christi Nomine Amen.","page_041.xml","page_042.xml","page_041.xml; page_042.xml"
"Baldo_Cons_Print_Venice_1575_v5","74","LXXIIII","CONSILIVM LXXIIII.","1","In Christi Nomine. Amen.","page_042.xml","page_042.xml","page_042.xml"
"Baldo_Cons_Print_Venice_1575_v5","75","LXXV","ONSILIVM LXXV.","1","In Christi Nomine Amen. Verba dicunt, quod Philippus per se, et eius haeredes pr…","page_042.xml","page_043.xml","page_042.xml; page_043.xml"
"Baldo_Cons_Print_Venice_1575_v5","76","LXXVI","CONSILIVM LXXVI. Se summat.","1","In Christi Nomine. Amen.","page_043.xml","page_044.xml","page_043.xml; page_044.xml"
"Baldo_Cons_Print_Venice_1575_v5","77","LXXVII","CONSILIVM LXXVII.","1","Mediolanum dicitur habere studium generale, et obtinet principatum inter omnes c…","page_044.xml","page_044.xml","page_044.xml"
"Baldo_Cons_Print_Venice_1575_v5","78","LXXVIII","CONSILIVM LXXVIII.","1","In Christi Nomine Amen.","page_044.xml","page_044.xml","page_044.xml"
"Baldo_Cons_Print_Venice_1575_v5","79","LXXIX","CONSILIVM. LXXIX.","1","Probatio bonae famae praeualet probationi malae famae. In Christi Nomine Amen. P…","page_044.xml","page_045.xml","page_044.xml; page_045.xml"
"Baldo_Cons_Print_Venice_1575_v5","80","LXXX","CONSILIVM LXXX.","1","Ad euidentiam sus. praemittendi sunt tres casus","page_045.xml","page_045.xml","page_045.xml"
"Baldo_Cons_Print_Venice_1575_v5","81","LXXXI","CONSILIVM LXXXI.","1","† potest donare vni filiorum totum patrimonium suum excepta legitima alterius fi…","page_045.xml","page_045.xml","page_045.xml"
"Baldo_Cons_Print_Venice_1575_v5","82","LXXXII","CONSILIVM LXXXII.","1","† duobus statutis, vno posito sub rub. de poena inuaden. seu occupan. tenutam da…","page_045.xml","page_045.xml","page_045.xml"
"Baldo_Cons_Print_Venice_1575_v5","83","LXXXIII","CONSILIVM LXXXIII.","1","Praemittendum","page_045.xml","page_046.xml","page_045.xml; page_046.xml"
"Baldo_Cons_Print_Venice_1575_v5","84","LXXXIIII","CONSILIVM LXXXIIII.","1","puncto, et statutis praedictis","page_046.xml","page_046.xml","page_046.xml"
"Baldo_Cons_Print_Venice_1575_v5","85","LXXXV","CONSILIVM. LXXXV","1","Nomine descendentium continentur omnes in infinitum. Praemissis uerbis testament…","page_046.xml","page_046.xml","page_046.xml"
"Baldo_Cons_Print_Venice_1575_v5","86","LXXXVI","CONSILIVM LXXXVI.","1","Item an valeat donatio facta vni ex sanctis, sicut Deo. Circa Consilia. 24 Circa…","page_046.xml","page_047.xml","page_046.xml; page_047.xml"
"Baldo_Cons_Print_Venice_1575_v5","87","LXXXVII","CONSILIVM LXXXVII","1","primo puncto","page_047.xml","page_047.xml","page_047.xml"
"Baldo_Cons_Print_Venice_1575_v5","88","LXXXVIII","CONSILIVM LXXXVIII.","1","primo puncto uidetur primo dicendum, quod ex quo dictus Fran. decessit hęreditat…","page_047.xml","page_048.xml","page_047.xml; page_048.xml"
"Baldo_Cons_Print_Venice_1575_v5","89","LXXXIX","CONSILIVM LXXXIX.","1","quaecunque lex tradit formam, tali formae non est necesse aliquid adiungere, ut …","page_048.xml","page_048.xml","page_048.xml"
"Baldo_Cons_Print_Venice_1575_v5","90","XC","CONSILIVM XC.","1","† an captus pro uno debito possit reconmendari pro alio. Respon. si captura prim…","page_048.xml","page_048.xml","page_048.xml"
"Baldo_Cons_Print_Venice_1575_v5","91","CXI","CONSILIVM. CXI.","1","detur, quod in executione non attenditur authoritas iudicis, sed Consilia. 25 se…","page_048.xml","page_049.xml","page_048.xml; page_049.xml"
"Baldo_Cons_Print_Venice_1575_v5","92","XCII","CONSILIOM. XCII.","1","Item an filius ins potestate possit ascribere patri in testamento. Dispositio","page_049.xml","page_049.xml","page_049.xml"
"Baldo_Cons_Print_Venice_1575_v5","93","XCIII","CONSILIVM XCIII.","1","quens. et C. de duo. re. l. reos. §. cum tabul. So. ex ista stipulatione vtrique…","page_049.xml","page_049.xml","page_049.xml"
"Baldo_Cons_Print_Venice_1575_v5","94","XCIIII","CONSILIVM XCIIII.","1","Statuto de contractibus viuorum, quod incipit statuimus, et ordinamus, quod cont…","page_049.xml","page_049.xml","page_049.xml"
"Baldo_Cons_Print_Venice_1575_v5","95","XCV","CONSILIVM XCV.","1","† est, quod testator fecii duas tamen substitutiones: unam de masculis ad foemin…","page_049.xml","page_050.xml","page_049.xml; page_050.xml"
"Baldo_Cons_Print_Venice_1575_v5","96","XCVI","CONSILIVM XCVI.","1","† sine au horitate tutoris compromittere non potest, vt ff. de arbi. l. si pupil…","page_050.xml","page_050.xml","page_050.xml"
"Baldo_Cons_Print_Venice_1575_v5","97","XCVII","CONSILIVM XCVII .","1","Si compromissum fuit de aliqua poena, et illa pęna non fuit conmissa, laudum lat…","page_050.xml","page_050.xml","page_050.xml"
"Baldo_Cons_Print_Venice_1575_v5","98","XCVIII","CONSILIVM XCVIII.","1","Ego praesuppono,","page_050.xml","page_051.xml","page_050.xml; page_051.xml"
"Baldo_Cons_Print_Venice_1575_v5","99","XCIX","CONILIVM. XCIX","1","† queritur, an ille, qui perit exequi instrumentum confessionatum super damnis, …","page_051.xml","page_051.xml","page_051.xml"
"Baldo_Cons_Print_Venice_1575_v5","100","C","CONSILIVM C.","1","Considerato, quod dicta domina Agnes fuit, et est vtor viti naturalis, et origin…","page_051.xml","page_052.xml","page_051.xml; page_052.xml"
"Baldo_Cons_Print_Venice_1575_v5","101","CI","CONSILIVM CI.","1","Tu adde, quod postea consuluit in eodem casu infra consi. 121. Punctus, Testator…","page_052.xml","page_052.xml","page_052.xml"
"Baldo_Cons_Print_Venice_1575_v5","102","CII","CONSILIVM CII.","1","de qua est maius dubium propter clausulam codicillarem: quia quando substitutio …","page_052.xml","page_052.xml","page_052.xml"
"Baldo_Cons_Print_Venice_1575_v5","103","CIII","CONSILIVM CIII.","1","Verbum, concedo, est magis aptum comprehendere generaliter omnia, quam verbum, a…","page_052.xml","page_053.xml","page_052.xml; page_053.xml"
"Baldo_Cons_Print_Venice_1575_v5","104","CIIII","CONSILIVM CIIII.","1","† quia ineptus processus roborari non potest, sed debet cassari, quatenus de fac…","page_053.xml","page_053.xml","page_053.xml"
"Baldo_Cons_Print_Venice_1575_v5","105","CV","CONSILIVM CV.","1","† est uidendum de legitimatione dictę infantis, utrum ualeat. et uidetur, quod n…","page_053.xml","page_053.xml","page_053.xml"
"Baldo_Cons_Print_Venice_1575_v5","106","CVI","CONSILIVM CVI.","1","† Quidam uir, et uxor maritauerunt filiam, et obligauerunt se ambo ad dotem trad…","page_053.xml","page_054.xml","page_053.xml; page_054.xml"
"Baldo_Cons_Print_Venice_1575_v5","107","CVII","CONSILIVM CVII.","1","† est, quandoque leges sunt diuersae, et sine chausula derogatoria, quandoque su…","page_054.xml","page_054.xml","page_054.xml"
"Baldo_Cons_Print_Venice_1575_v5","108","CVIII","CONSILIVM. CVIII.","1","† promittit reuendere ad certum terminum appositum redemptori pro certo pretio, …","page_054.xml","page_054.xml","page_054.xml"
"Baldo_Cons_Print_Venice_1575_v5","109","CIX","CONSILIVM CIX.","1","primo puncto de poena dicendum est, quod non potest peti, quia si esset commissa…","page_054.xml","page_054.xml","page_054.xml"
"Baldo_Cons_Print_Venice_1575_v5","110","CX","CONSILIVM CX.","1","† facta in pręlegatis hoc modo, si decefferit in pupil.aeta. talia legata deueni…","page_054.xml","page_054.xml","page_054.xml"
"Baldo_Cons_Print_Venice_1575_v5","111","CXI","CONSILIVM CXI.","1","† factus per iudicem delegatum ignorantem de feuocatione ipsius ualet, et simili…","page_054.xml","page_055.xml","page_054.xml; page_055.xml"
"Baldo_Cons_Print_Venice_1575_v5","112","CXII","CONSILIVM CXII.","1","Confessio procuratoris generalis an noceat domino super crimen. Per cohabitation…","page_055.xml","page_055.xml","page_055.xml"
"Baldo_Cons_Print_Venice_1575_v5","113","CXIII","CONSILIVM CXIII.","1","Instituens ventrem an intelligatur tantum de ventre, qui erat tempore testamenti…","page_055.xml","page_056.xml","page_055.xml; page_056.xml"
"Baldo_Cons_Print_Venice_1575_v5","114","CXIIII","CONSILIVM CXIIII.","1","primo puncto","page_056.xml","page_056.xml","page_056.xml"
"Baldo_Cons_Print_Venice_1575_v5","115","CXV","CONSILIVM CXV.","1","tri haeres extitit. sed","page_056.xml","page_056.xml","page_056.xml"
"Baldo_Cons_Print_Venice_1575_v5","116","CXVI","CONSILIVM. CXVI.","1","† non tenetur reddere rationem substituto adult O ti, nisi de bonis, quae veniun…","page_056.xml","page_057.xml","page_056.xml; page_057.xml"
"Baldo_Cons_Print_Venice_1575_v5","117","CXVII","CONSILIVM CXVII.","1","91 Primo puncto dicendum est,","page_057.xml","page_057.xml","page_057.xml"
"Baldo_Cons_Print_Venice_1575_v5","118","CXVIII","CONSILIVM CXVIII.","1","Executores vniuersales possunt facere executionem, non facta eis restitutione ex…","page_057.xml","page_058.xml","page_057.xml; page_058.xml"
"Baldo_Cons_Print_Venice_1575_v5","119","CXIX","CONSILIVM CXIX.","1","citatio an sit de iure ciuili, cum omnis actus fori sit de iure ciuili. An in le…","page_058.xml","page_059.xml","page_058.xml; page_059.xml"
"Baldo_Cons_Print_Venice_1575_v5","120","CXX","CONSILIVM CXX.","1","Quidam ciliae in casu, vbi non sufficerent bona, Ciciliae, quae erant 7o. flore.…","page_059.xml","page_059.xml","page_059.xml"
"Baldo_Cons_Print_Venice_1575_v5","121","CXXI","CONSILIVM CXXI.","1","Proponitur, ilias, scilicet Cathatinam, et Benauenturam impuberes, et matrem nom…","page_059.xml","page_060.xml","page_059.xml; page_060.xml"
"Baldo_Cons_Print_Venice_1575_v5","122","CXXII","CONSILIVM CXXII.","1","† Cobictius habens vnum filium nomiQIida e Colcetam, et vnam filiam nomine Cicil…","page_060.xml","page_060.xml","page_060.xml"
"Baldo_Cons_Print_Venice_1575_v5","123","CXXIII","CONSILIVM CXXIII.","1","ReuerendiIs iS paciis, sanctae Romanae ecclesiae Cardinalis condidit testamentum…","page_060.xml","page_062.xml","page_060.xml; page_061.xml; page_062.xml"
"Baldo_Cons_Print_Venice_1575_v5","124","CXXIIII","CONSILIVM CXXIIII.","1","Quis iudex dicatur primo praeuenisse, an ille, qui personam cęipit, an ille, cui…","page_062.xml","page_063.xml","page_062.xml; page_063.xml"
"Baldo_Cons_Print_Venice_1575_v5","125","CXXV","CONSILIVM CXXV.","1","sunt obligati, quilibet pro parte, qua in societate, vt ff. ad legem Falcidia. h…","page_063.xml","page_064.xml","page_063.xml; page_064.xml"
"Baldo_Cons_Print_Venice_1575_v5","126","CXXVI","CONSILIVM CXXVI.","1","Tactu I iciae suum condidit testamentum, quo si bi haeredes vniuersales institui…","page_064.xml","page_064.xml","page_064.xml"
"Baldo_Cons_Print_Venice_1575_v5","127","CXXVII","CONSILIVM CXXVII.","1","Detinens pro legatis sibi factis bona defuncti propria auth. an cadat a iure suo…","page_064.xml","page_065.xml","page_064.xml; page_065.xml"
"Baldo_Cons_Print_Venice_1575_v5","128","CXXVIII","CONSILIVM CXXVIII.","1","hil probauit, et reus non soluit decimam: quid tenetur tunc facere iudex.","page_065.xml","page_066.xml","page_065.xml; page_066.xml"
"Baldo_Cons_Print_Venice_1575_v5","129","CXXIX","CONSILIVM CXXIX.","1","† quod dictus emptor teneatur Est dicendum, soluere in flor. secundum promission…","page_066.xml","page_066.xml","page_066.xml"
"Baldo_Cons_Print_Venice_1575_v5","130","CXXX","CONSILIVM CXXX.","1","† Obligationes ex conuentione legem accipiunt, OIi a vt ff. depo. l. 1. §. si co…","page_066.xml","page_067.xml","page_066.xml; page_067.xml"
"Baldo_Cons_Print_Venice_1575_v5","131","CXXXI","CONSILIVM CXXXI.","1","† Testator reliquit executoribus aliquid, Qando dent pro ipsius anima amore Dei,…","page_067.xml","page_067.xml","page_067.xml"
"Baldo_Cons_Print_Venice_1575_v5","132","CXXXII","CONSILIVM CXXXII.","1","Franciscus de 1o. slo au cui seripsit literam talis tenoris inter caetera, videl…","page_067.xml","page_067.xml","page_067.xml"
"Baldo_Cons_Print_Venice_1575_v5","133","CXXXIII","CONSILIVM CXXXIII.","1","tutum, de quo supra, sit aequum. et nu. 2. quidam fuit condemnatus alteri in CdI…","page_067.xml","page_068.xml","page_067.xml; page_068.xml"
"Baldo_Cons_Print_Venice_1575_v5","134","CXXXIIII","CONSILIVM CXXXIIII.","1","emit a Titio iure proprio, et in perpetuum Quida. I vendente quandam domum aedif…","page_068.xml","page_068.xml","page_068.xml"
"Baldo_Cons_Print_Venice_1575_v5","135","CXXXV","CONSILIVM CXXXV.","1","† Nec dici potest, quod subditi licet se subtrahant ab obedientiis dominorum, de…","page_068.xml","page_069.xml","page_068.xml; page_069.xml"
"Baldo_Cons_Print_Venice_1575_v5","136","CXXXVI","CONSILIVM CXXXVI.","1","In Christi Nomine Amen. Anno ab incarnatione eius 120o. octauo Mensis Decemb. 4.…","page_069.xml","page_069.xml","page_069.xml"
"Baldo_Cons_Print_Venice_1575_v5","137","CXXXVII","CONSILIVM CXXXVII.","1","Vsque ad 30. ann. potest peti quantitas legati.","page_069.xml","page_070.xml","page_069.xml; page_070.xml"
"Baldo_Cons_Print_Venice_1575_v5","138","CXXXVIII","CONSILIVM CXXXVIII.","1","sub hac forma proponitur. domi. Gentilis Pactum quond. §. Adriani diaconus Cardi…","page_070.xml","page_070.xml","page_070.xml"
"Baldo_Cons_Print_Venice_1575_v5","139","CXXXIX","CONSILIVM CXXXIX.","1","peritur nupta.","page_070.xml","page_071.xml","page_070.xml; page_071.xml"
"Baldo_Cons_Print_Venice_1575_v5","140","CXL","CONSILIVM CXL.","1","beat habere uxor uiuente filio, et quid eo mortuo. Respondeo, istud legatum Quin…","page_071.xml","page_072.xml","page_071.xml; page_072.xml"
"Baldo_Cons_Print_Venice_1575_v5","141","CXLI","CONSILIVM CXLI.","1","I CLCSvnam domum sub conditione, quod non possit eam vendere, nec alienare, nisi…","page_072.xml","page_072.xml","page_072.xml"
"Baldo_Cons_Print_Venice_1575_v5","142","CXLII","CONSILIVM CXLII.","1","In Christi Nomine Amen. Quidam Odorisius Campsor promisit facere artem cambii be…","page_072.xml","page_073.xml","page_072.xml; page_073.xml"
"Baldo_Cons_Print_Venice_1575_v5","143","CXLIII","CONSILIVM CXLIII.","1","fiaeres non testituens fideicommissum, qua pęna teneatur. In Christi Nomine Amen…","page_073.xml","page_074.xml","page_073.xml; page_074.xml"
"Baldo_Cons_Print_Venice_1575_v5","144","CXLIIII","CONSILIVM CXLIIII.","1","tiare testamentum non valere videatur petere ipsam cassari. In Christi Nomine Am…","page_074.xml","page_075.xml","page_074.xml; page_075.xml"
"Baldo_Cons_Print_Venice_1575_v5","145","CXLV","CONSILIVM CXLV","1","In Christi Nomine Amen. In causa vertente inter dominam Flore Acheam Paluellam, …","page_075.xml","page_075.xml","page_075.xml"
"Baldo_Cons_Print_Venice_1575_v5","146","CXLVI","CONSILIVM CXLVI.","1","In Christi Nomine Amen.","page_075.xml","page_075.xml","page_075.xml"
"Baldo_Cons_Print_Venice_1575_v5","147","CXLVII","CONSILIVM CXLVII.","1","In Christi Nomine Amen. Beatissime Pater, orta lite inter dominum Lanfranchum qu…","page_075.xml","page_076.xml","page_075.xml; page_076.xml"
"Baldo_Cons_Print_Venice_1575_v5","148","CXLVIII","CONSILIVM CXLVIII.","1","In Christi Nomine Amen.","page_076.xml","page_077.xml","page_076.xml; page_077.xml"
"Baldo_Cons_Print_Venice_1575_v5","149","CXLIX","CONSILIVM CXLIX.","1","lis citatio de muliere, quod tali hora causarum compareat legitime coram iudice …","page_077.xml","page_077.xml","page_077.xml"
"Baldo_Cons_Print_Venice_1575_v5","150","CL","CONSILIVM CL.","1","Si filia, quae est dotanda, gravetur onere restitu. an tunc dicatur dotata, an s…","page_077.xml","page_079.xml","page_077.xml; page_078.xml; page_079.xml"
"Baldo_Cons_Print_Venice_1575_v5","151","CLI","CONSILIVM CLI.","1","In Christi Nomine Amen.","page_079.xml","page_080.xml","page_079.xml; page_080.xml"
"Baldo_Cons_Print_Venice_1575_v5","152","CLII","CONSILIVM CLII.","1","In Christi Nomine Amen. Quidam locauit quandam apothecam titulo, ad quam apothec…","page_080.xml","page_080.xml","page_080.xml"
"Baldo_Cons_Print_Venice_1575_v5","153","CLIII","CONSILIVM CLIII.","1","Tres sunt causae, quae repetitionem tacitam excludunt. In Christi Nomine Amen. Q…","page_080.xml","page_081.xml","page_080.xml; page_081.xml"
"Baldo_Cons_Print_Venice_1575_v5","154","CLIIII","CONSILIVM CLIIII.","1","Ignorantia an excuset habentem aliquid facere in tempore. Tempora statuta ad pro…","page_081.xml","page_082.xml","page_081.xml; page_082.xml"
"Baldo_Cons_Print_Venice_1575_v5","155","CLV","CONSILIVM CLV","1","In Christi Nomine Amen. Praemissis quibusdam verbis pertinentibus ad societatem …","page_082.xml","page_082.xml","page_082.xml"
"Baldo_Cons_Print_Venice_1575_v5","156","CLVI","CONSILIVM CLVI.","1","Habitatio decennalis constituit domicilium. In Christi Nomine. Amen. Quidam in t…","page_082.xml","page_083.xml","page_082.xml; page_083.xml"
"Baldo_Cons_Print_Venice_1575_v5","157","CLVII","CONSILIVM CLVII.","1","In Christi Nomine. Amen. Gitius habens tres filios, et vxorem, inter quos filios…","page_083.xml","page_083.xml","page_083.xml"
"Baldo_Cons_Print_Venice_1575_v5","158","CLVIII","CONSILIVM CLVIII.","1","In Christi Nomine Amen. Quaedam mulier condidit testamentum, in quo sic disposui…","page_083.xml","page_084.xml","page_083.xml; page_084.xml"
"Baldo_Cons_Print_Venice_1575_v5","159","CLIX","CONSILIVM CLIX","1","In Christi Nomine Amen. Se summat.","page_084.xml","page_084.xml","page_084.xml"
"Baldo_Cons_Print_Venice_1575_v5","160","CLX","CONSILIVM CLX.","1","Si episcopus consensit constructioni hospitalis simpliciter, anpossit petere qua…","page_084.xml","page_085.xml","page_084.xml; page_085.xml"
"Baldo_Cons_Print_Venice_1575_v5","161","CLXI","CONSILIVM CLXI.","1","In Christi Nomine Amen. Quidam Mecus filio filiae primi matrimonii reliquit duce…","page_085.xml","page_085.xml","page_085.xml"
"Baldo_Cons_Print_Venice_1575_v5","162","CLXII","CONSILIVM CLXII.","1","An executor datus ad distribuendum in pauperes, quos elegerit, dicatur elegisse …","page_085.xml","page_086.xml","page_085.xml; page_086.xml"
"Baldo_Cons_Print_Venice_1575_v5","163","CLXIII","CONSILIVM CLXIII.","1","An mater possit dare tutorem filio in testamento. An tutor possit alienare, et q…","page_086.xml","page_086.xml","page_086.xml"
"Baldo_Cons_Print_Venice_1575_v5","164","CLXIIII","CONSILIVM CLXIIII.","1","Pacta, et onera minuunt, et augent contractum, ideo est habenda consideratio lui…","page_086.xml","page_087.xml","page_086.xml; page_087.xml"
"Baldo_Cons_Print_Venice_1575_v5","165","CLXV","CONSILIVM CLXV","1","In Christi Nomine. Amen. Proponitur, quod quidam Io. Gilii fuit iam diu, et est …","page_087.xml","page_087.xml","page_087.xml"
"Baldo_Cons_Print_Venice_1575_v5","166","CLXVI","ONSILIVM CLXVI.","1","Statutum an possit tollere ferias in honorem Dei interdictas. In Christi Nomine …","page_087.xml","page_087.xml","page_087.xml"
"Baldo_Cons_Print_Venice_1575_v5","167","CLXVII","CONSILIVM CLXVII.","1","In Christi Nomine Amen. Quidam Fran. tunc carens filiis masculis, donauit quibus…","page_087.xml","page_089.xml","page_087.xml; page_088.xml; page_089.xml"
"Baldo_Cons_Print_Venice_1575_v5","168","CLXVIII","IVM CLXVIII.","1","Si frater substituit fratrem, et filios fratris. od pater, seu frater iste non h…","page_089.xml","page_089.xml","page_089.xml"
"Baldo_Cons_Print_Venice_1575_v5","169","CLXIX","CONSILIVM CLXIX.","1","Statutum prohibens excipi contra libellum, vel mandans exceptiones reseruari in …","page_089.xml","page_090.xml","page_089.xml; page_090.xml"
"Baldo_Cons_Print_Venice_1575_v5","170","CLXX","COONSILIVM CLXX","1","Legitima non, debeturs fratri, nisi turpi persona haeredita. instituta. Clausula…","page_090.xml","page_091.xml","page_090.xml; page_091.xml"
"Baldo_Cons_Print_Venice_1575_v5","171","CLXXI","CONSILIVM CLXXI.","1","In Christi Nomine Amen.","page_091.xml","page_092.xml","page_091.xml; page_092.xml"
"Baldo_Cons_Print_Venice_1575_v5","172","CLXXII","CONSILIVM CLXXII.","1","In Christi Nomine Amen.","page_092.xml","page_092.xml","page_092.xml"
"Baldo_Cons_Print_Venice_1575_v5","173","CLXXIII","CONSILIVM CLXXIII.","1","In Christi Nomine Amen. Punctus mater donauit filio quędam bona, reseruato sibi …","page_092.xml","page_092.xml","page_092.xml"
"Baldo_Cons_Print_Venice_1575_v5","174","CLXXIIII","CONSILIVM CLXXIIII. .","1","In Christi Nomine Amen. Praesupponendum est, quod magnus Carolus olim Imperator …","page_092.xml","page_093.xml","page_092.xml; page_093.xml"
"Baldo_Cons_Print_Venice_1575_v5","175","CLXXV","CONSILIVM CLXXV.","1","Dictio, si vero, repetit qualitatem praecedentis dispositionis. Verba directa qu…","page_093.xml","page_094.xml","page_093.xml; page_094.xml"
"Baldo_Cons_Print_Venice_1575_v5","176","CLXXVI","CONSILIVM CLXXVI.","1","Communis vsus loquendi in testapmentit maxino est attendendus. Stantestatuto, de…","page_094.xml","page_095.xml","page_094.xml; page_095.xml"
"Baldo_Cons_Print_Venice_1575_v5","177","CLXXVII","CONSILIVM CLXXVII.","1","In Christi Nomine Amen. Punctus talis est, tres fuerunt fratres, et vnus nepos e…","page_095.xml","page_095.xml","page_095.xml"
"Baldo_Cons_Print_Venice_1575_v5","178","CLXXVIII","SILIVM CLXXVIII.","1","In Christi Nomine Amen. Concessum fuit arbitrium quibusdam prouidere, et quicqui…","page_095.xml","page_096.xml","page_095.xml; page_096.xml"
"Baldo_Cons_Print_Venice_1575_v5","179","CLXXIX","CONSILIVM CLXXIX.","1","In Christi Nomine Amen. Anno Domini 1388. etc. incipit liber consiliorum egregii…","page_096.xml","page_097.xml","page_096.xml; page_097.xml"
"Baldo_Cons_Print_Venice_1575_v5","180","CLXXX","CONSILIVM CLXXX.","1","In Christi Nomine Amen. Primo dicendum est de substantia obligationis. secundo d…","page_097.xml","page_097.xml","page_097.xml"
"Baldo_Cons_Print_Venice_1575_v5","181","CLXXXI","CONSILIVM CLXXXI.","1","In Christi Nomine Amen. Factum, super quo petitur consilium exhiberi, est tale. …","page_097.xml","page_098.xml","page_097.xml; page_098.xml"
"Baldo_Cons_Print_Venice_1575_v5","182","CLXXXII","CONSILIVM CLXXXII.","1","† Statuta ducis Ianvae habent vim ll. quia non recognoscit superiorem. Privilegi…","page_098.xml","page_099.xml","page_098.xml; page_099.xml"
"Baldo_Cons_Print_Venice_1575_v5","183","CLXXXIII","CONSILIVM CLXXXIII.","1","Monialis transmittit haereditatem non aditam ad monasterium sed quid de haeredit…","page_099.xml","page_100.xml","page_099.xml; page_100.xml"
"Baldo_Cons_Print_Venice_1575_v5","184","CLXXXIIII","CONSILIVM CLXXXIIII.","1","In Christi Nomine Amen. Municipali lege testamenta insinuari videntur alias cass…","page_100.xml","page_101.xml","page_100.xml; page_101.xml"
"Baldo_Cons_Print_Venice_1575_v5","185","CLXXXV","CONSILIVM CLXXXV.","1","In Christi Nomine Amen. Punctus. concessae sunt represaliae Pisano contra Senens…","page_101.xml","page_101.xml","page_101.xml"
"Baldo_Cons_Print_Venice_1575_v5","186","CLXXXVI","CONSILIVM CLXXXVI.","1","In Christi Nomine Amen. Punctus. primo quęritur, si frater numerat nomine patris…","page_101.xml","page_102.xml","page_101.xml; page_102.xml"
"Baldo_Cons_Print_Venice_1575_v5","187","CXXXVI","CONSILIVM CXXXVI.","1","In Christi Nomine Amen. Punctus. duo sunt statuta, vnum, quod obligatus fideiuss…","page_102.xml","page_102.xml","page_102.xml"
"Baldo_Cons_Print_Venice_1575_v5","188","CLXXXVIII","CONSILIVM CLXXXVIII.","1","In Christi Nomine Amen. Punctus. primo quaeritur, vtrum valeat relictum factum f…","page_102.xml","page_102.xml","page_102.xml"
"Baldo_Cons_Print_Venice_1575_v5","189","CXXXIX","CONSILIVM CXXXIX.","1","In Christi Nomine Amen.","page_102.xml","page_103.xml","page_102.xml; page_103.xml"
"Baldo_Cons_Print_Venice_1575_v5","190","CXC","CONSILIVM CXC.","1","In Christi Nomine Amen.","page_103.xml","page_103.xml","page_103.xml"
"Baldo_Cons_Print_Venice_1575_v5","191","CXCI","CONSILIVM CXCI.","1","In Christi Nomine. Amen. Iudex ex officio inquirit contra Titium de crimine adul…","page_103.xml","page_103.xml","page_103.xml"
"Baldo_Cons_Print_Venice_1575_v5","192","CXCIL","CONSILIVM CXCIL. u.","1","In Christi Nomine Amen. Quidam nomine Vicus, qui vendidit ordeum, et speltam ad …","page_103.xml","page_103.xml","page_103.xml"
"Baldo_Cons_Print_Venice_1575_v5","193","CXCIII","NSILIVM CXCIII.","1","In Christi Nomine Amen. Punctus. prohibetur per statutum, quod mulier non possit…","page_103.xml","page_104.xml","page_103.xml; page_104.xml"
"Baldo_Cons_Print_Venice_1575_v5","194","CXCIIII","CONSILIVM CXCIIII.","1","In Christi Nomine Amen. Punctus. primo quaeritur, quia pro 20o. flo. fuerunt dat…","page_104.xml","page_104.xml","page_104.xml"
"Baldo_Cons_Print_Venice_1575_v5","195","CXCV","CONSILIVM CXCV.","1","In Christi Nomine Amen.","page_104.xml","page_104.xml","page_104.xml"
"Baldo_Cons_Print_Venice_1575_v5","196","CXCVI IIIIIIII","ONSILIVM CXCVI IIIIIIII","1","In Christi Nomine Amen.","page_104.xml","page_105.xml","page_104.xml; page_105.xml"
"Baldo_Cons_Print_Venice_1575_v5","197","CXCVII","CONSILIVM CXCVII.","1","In Christi Nomine Amen. Omnia pacta, quae vna conclusio fimalis tenet, coniuncti…","page_105.xml","page_105.xml","page_105.xml"
"Baldo_Cons_Print_Venice_1575_v5","198","CXCVIII","CONSILIVM CXCVIII.","1","In Christi Nomine Amen. Punctus. si ex forma statuti in refutationibus requiritu…","page_105.xml","page_105.xml","page_105.xml"
"Baldo_Cons_Print_Venice_1575_v5","199","CXCIX","CONSILIVM CXCIX.","1","In Christi Nomine Amen.","page_105.xml","page_105.xml","page_105.xml"
"Baldo_Cons_Print_Venice_1575_v5","200","CC","CONSILIVM CC.","1","In Christi Nomine. Amen.","page_105.xml","page_106.xml","page_105.xml; page_106.xml"
"Baldo_Cons_Print_Venice_1575_v5","201","CCI","CONSILIVM CCI.","1","In Christi Nomine Amen. Punctus. petita sit quantitas coram consulibus fabricae …","page_106.xml","page_106.xml","page_106.xml"
"Baldo_Cons_Print_Venice_1575_v5","202","CCII","CONSILIVM CCII.","1","In Christi Nomine. Amen. Inuestitura domini lordani talem habuit formam, pro se,…","page_106.xml","page_107.xml","page_106.xml; page_107.xml"
"Baldo_Cons_Print_Venice_1575_v5","203","CCIII","CONSILIVM CCIII.","1","In Christi Nomine Amen. Punctus. quidam substituit sic. se Stefano morisse senza…","page_107.xml","page_107.xml","page_107.xml"
"Baldo_Cons_Print_Venice_1575_v5","204","CCIIII","CONSILIVM CCIIII.","1","In Christi Nomine Amen.","page_107.xml","page_107.xml","page_107.xml"
"Baldo_Cons_Print_Venice_1575_v5","205","CCV","CONSILIVM CCV.","1","In Christi Nomine Amen. Dubium, super quo consilium postulatur, est tale: videli…","page_107.xml","page_109.xml","page_107.xml; page_108.xml; page_109.xml"
"Baldo_Cons_Print_Venice_1575_v5","206","CCVI","CONSILIVM CCVI.","1","Punctus, Vanni de castro durante pro se, et filiis suis, et vsque in tertiam gen…","page_109.xml","page_109.xml","page_109.xml"
"Baldo_Cons_Print_Venice_1575_v5","207","CCVII","CONSILIVM CCVII.","1","Pactum le est quidam Archus philosophi de villa populi districtus Nursię ex vna …","page_109.xml","page_109.xml","page_109.xml"
"Baldo_Cons_Print_Venice_1575_v5","208","CCVIII","CONSILIVM CCVIII.","1","Punctus, plosquam secundi matrimonii, cum administrasset bona secundae vxoris, e…","page_109.xml","page_110.xml","page_109.xml; page_110.xml"
"Baldo_Cons_Print_Venice_1575_v5","209","CCIX","CONSILIVM CCIX.","1","† concessa per statuta generalia dominis priorib. PotesbaS ee camerariis, non ex…","page_110.xml","page_110.xml","page_110.xml"
"Baldo_Cons_Print_Venice_1575_v5","210","CCX","CONSILIVM CCX.","1","rogant, C. de pac. l. pacta nouissima. et quia licentia debet in telligi rebus s…","page_110.xml","page_110.xml","page_110.xml"
"Baldo_Cons_Print_Venice_1575_v5","211","CCXI","CONSILIVM CCXI.","1","2CELtur, vt vltra nihil allegari potest, tamen thematerepetito aliqua dicam. Tut…","page_110.xml","page_111.xml","page_110.xml; page_111.xml"
"Baldo_Cons_Print_Venice_1575_v5","212","CCXII","CONSILIVM CCXII.","1","L.d, qit proprie, inesse dicuntur. Ea vero, quae veniunt per modum suppletionis,…","page_111.xml","page_111.xml","page_111.xml"
"Baldo_Cons_Print_Venice_1575_v5","213","CCXIII","CONSILIVM CCXIII.","1","1CtIis, ducenti floreni boni auri, iusti ponderis, iam sunt 33. anni, vel circa.…","page_111.xml","page_111.xml","page_111.xml"
"Baldo_Cons_Print_Venice_1575_v5","214","CCXIIII","CONSILIVM CCXIIII.","1","Punctus, vtrum vterque concurrat in habitatione: an vero legatarius habitationis…","page_111.xml","page_111.xml","page_111.xml"
"Baldo_Cons_Print_Venice_1575_v5","215","CCXV","CONSILIOM CCXV.","1","Si quis ingrediatur monasterium, et det illi se, et sua, postea suscipiat posthu…","page_111.xml","page_112.xml","page_111.xml; page_112.xml"
"Baldo_Cons_Print_Venice_1575_v5","216","CCXVI","CONSILIVM CCXVI.","1","literalis forma statuti: et ideo per sequentem literam statuti, circunscripto ei…","page_112.xml","page_112.xml","page_112.xml"
"Baldo_Cons_Print_Venice_1575_v5","217","CCXVII","CONSILIVM CCXVII.","1","† An valeat constitutio episcopi, quod Punctus, non valeat instrumentum restitut…","page_112.xml","page_112.xml","page_112.xml"
"Baldo_Cons_Print_Venice_1575_v5","218","CCXVIII","ONSILIVM CCXVIII.","1","VIlO centesimo sexagesimo sexto, die a §. men. Ia. in quo continetur, quod Rayne…","page_112.xml","page_112.xml","page_112.xml"
"Baldo_Cons_Print_Venice_1575_v5","219","CCXIX","CONSILIVM CCXIX.","1","† est ad euidentiam, quod D 1IICCCquando deponitur pecunia aut est actum, vt tan…","page_112.xml","page_113.xml","page_112.xml; page_113.xml"
"Baldo_Cons_Print_Venice_1575_v5","220","XX","CONSILIVM XX","1","† de consensu fratris, ad quem debet emphyteosis COd reuerti altero fratre praeo…","page_113.xml","page_113.xml","page_113.xml"
"Baldo_Cons_Print_Venice_1575_v5","221","CCXXI","CONSILIVM CCXXI.","1","OLDI est, quod margarita tanquam mater succedit filio ab intestato, exclusa Brun…","page_113.xml","page_113.xml","page_113.xml"
"Baldo_Cons_Print_Venice_1575_v5","222","CCXXII","CONSILIVM CCXXII.","1","VIIIS ctis inquisitis, vel in aliquo eorum nullam inuenio condemnationis causam,…","page_113.xml","page_113.xml","page_113.xml"
"Baldo_Cons_Print_Venice_1575_v5","223","CCXXIII","CONSILIVM CCXXIII.","1","primo puncto dicendum est,","page_113.xml","page_113.xml","page_113.xml"
"Baldo_Cons_Print_Venice_1575_v5","224","CCXXIIII","CONSILIVM CCXXIIII.","1","licta ei liberatio. siue debebat fieri ab alio, videtur relictum vxori nomen deb…","page_113.xml","page_114.xml","page_113.xml; page_114.xml"
"Baldo_Cons_Print_Venice_1575_v5","225","CCXXV","CONSILIVM CCXXV.","1","vertente coram magnifico Principe, et doI Callla mino Carulo de Malatestis inter…","page_114.xml","page_115.xml","page_114.xml; page_115.xml"
"Baldo_Cons_Print_Venice_1575_v5","226","CCXXVI","CONSILIVM CCXXVI.","1","PraemiISis ma, nulla mulier habens filios, vel filias ex filio possit testari, c…","page_115.xml","page_115.xml","page_115.xml"
"Baldo_Cons_Print_Venice_1575_v5","227","CCXXXVII","CONSILIVM CCXXXVII.","1","† pro debito venduntur per creditorem, a ndO vesper iudicem, vel alium officiale…","page_115.xml","page_116.xml","page_115.xml; page_116.xml"
"Baldo_Cons_Print_Venice_1575_v5","228","CCXXVIII","CONSILIVM CCXXVIII.","1","ista consideranda sunt tria.","page_116.xml","page_116.xml","page_116.xml"
"Baldo_Cons_Print_Venice_1575_v5","229","CCXXIX","CONSILIVM CCXXIX.","1","Non soluens gabellam ex simplicitate, non incidit in commissum, secus si dolose.…","page_116.xml","page_116.xml","page_116.xml"
"Baldo_Cons_Print_Venice_1575_v5","230","CCXXX","CONSILIVM CCXXX.","1","† de quo quęritur, non valuit. Iestamentu C. de testa. l. hac consultissima. in …","page_116.xml","page_116.xml","page_116.xml"
"Baldo_Cons_Print_Venice_1575_v5","231","CCXXXI","CONSILIVM CCXXXI.","1","dicto puncto, et consideratis statutis ciuita. TtuVllO dii, et pręsuppositis. qu…","page_116.xml","page_117.xml","page_116.xml; page_117.xml"
"Baldo_Cons_Print_Venice_1575_v5","232","CCXXXII","CONSILIVM CCXXXII.","1","Propoitdr quondam Andreę de Bingo in omnibus suis bonis Barnabeum filium suum si…","page_117.xml","page_118.xml","page_117.xml; page_118.xml"
"Baldo_Cons_Print_Venice_1575_v5","233","CCXXXIII","CONSILIVM CCXXXIII.","1","PropOituT. eia eius vxore instituit Antoniam ipsorum filiam. et cum intenderet v…","page_118.xml","page_118.xml","page_118.xml"
"Baldo_Cons_Print_Venice_1575_v5","234","CCXXXIIII","CONSILIVM CCXXXIIII.","1","Factum tale est. filios, videlicet Pe. Colam. et Vallum, qui fratres stabant cum…","page_118.xml","page_119.xml","page_118.xml; page_119.xml"
"Baldo_Cons_Print_Venice_1575_v5","235","CCXXXV","CONSILIVM CCXXXV.","1","† dicta clausula. et si dicta Anto. Thoma. moQVOC ,eretur extra pubertatem, nihi…","page_119.xml","page_119.xml","page_119.xml"
"Baldo_Cons_Print_Venice_1575_v5","236","CCXXXVI","CONSILIVM CCXXXVI.","1","instrumento depositi presbyteri Pe. in quo se insoVIlo lidum obligauerunt Ioanne…","page_119.xml","page_119.xml","page_119.xml"
"Baldo_Cons_Print_Venice_1575_v5","237","CCXXXVII","CONSILIVM CCXXXVII.","1","Palpu Clds verbis. Item reliquit iure legati d. Pluciae suae vxori habitationem …","page_119.xml","page_120.xml","page_119.xml; page_120.xml"
"Baldo_Cons_Print_Venice_1575_v5","238","CCXXXVIII","CONSILIVM CCXXXVIII.","1","† sint diuersae opiniones: vtrum ex stipulatione Cl notarii, vel iudicis acquira…","page_120.xml","page_120.xml","page_120.xml"
"Baldo_Cons_Print_Venice_1575_v5","239","CCXXXIX","CONSILIVM CCXXXIX.","1","† mater non est exclusa a successione: ignoscitur DlCLa enim eo, quod tutelam as…","page_120.xml","page_120.xml","page_120.xml"
"Baldo_Cons_Print_Venice_1575_v5","240","CCXL","CONSILIVM CCXL","1","Qllia regulatis: cum oblati essent matrimonialiter coiugati. bona non venerunt i…","page_120.xml","page_120.xml","page_120.xml"
"Baldo_Cons_Print_Venice_1575_v5","241","CCXLI","CONSILIVM CCXLI.","1","† aduocati sequendo glo. dicebant, quod vbi Ati quul est patruus, qui est legiti…","page_120.xml","page_120.xml","page_120.xml"
"Baldo_Cons_Print_Venice_1575_v5","242","CCXLII","CONSILIVM CCXLII.","1","† primo puncto dico, quod omne praeceptum guaOLlDeI rentigiatum quod habet in co…","page_120.xml","page_121.xml","page_120.xml; page_121.xml"
"Baldo_Cons_Print_Venice_1575_v5","243","CCXLIII","CONSILIVM CCXLIII.","1","† pedagium cohaeret solo lus percipiesI mon tamen ad solum, vel territorium pert…","page_121.xml","page_121.xml","page_121.xml"
"Baldo_Cons_Print_Venice_1575_v5","244","CCXLIIII","CONSILIVM CCXLIIII.","1","† Obonitul de Tuderto suum condidit testamentum, anno domini. 1356. in quo suum …","page_121.xml","page_121.xml","page_121.xml"
"Baldo_Cons_Print_Venice_1575_v5","245","CCXLV","CONSILIVM CCXLV.","1","† citatus non tenebatur comparere. et non comparendo, non dicitur contumax. nec …","page_121.xml","page_122.xml","page_121.xml; page_122.xml"
"Baldo_Cons_Print_Venice_1575_v5","245","CCXLV","SONSILIVM CCXLV..","1","Adde duo consilia sequentia, et infra consi. 3 50. inci. verbi coinpromissi et c…","page_169.xml","page_172.xml","page_169.xml; page_170.xml; page_171.xml; page_172.xml"
"Baldo_Cons_Print_Venice_1575_v5","246","CCXLVI","CONSILIVM CCXLVI.","1","Proponitur ctum hora nona. et laudum datu hor. 18. et compromissum, vt apparet, …","page_122.xml","page_122.xml","page_122.xml"
"Baldo_Cons_Print_Venice_1575_v5","247","CCXLVII","CONSILIVM CCXLVII.","1","† praemittendum est, quod quando Ad euidentiam statutum ad hoc vt imponatur pęna…","page_122.xml","page_122.xml","page_122.xml"
"Baldo_Cons_Print_Venice_1575_v5","248","CCXLVIII","CONSILIVM CCXLVIII.","1","In Christi Nomine Amen.","page_122.xml","page_123.xml","page_122.xml; page_123.xml"
"Baldo_Cons_Print_Venice_1575_v5","249","CCXLIX","CONSILIVM CCXLIX.","1","In Christi Nomine Amen.","page_123.xml","page_123.xml","page_123.xml"
"Baldo_Cons_Print_Venice_1575_v5","250","CCL","CONSILIVM CCL.","1","In Christi Nomine Amen.","page_123.xml","page_123.xml","page_123.xml"
"Baldo_Cons_Print_Venice_1575_v5","251","CCLI","CONSILIVM CCLI.","1","In Christi Nomine Amen. Sententia, quam tulimus nos duo, fundatur inter alia in …","page_123.xml","page_125.xml","page_123.xml; page_124.xml; page_125.xml"
"Baldo_Cons_Print_Venice_1575_v5","252","CCLII","CONSILIVM CCLII.","1","Agnati masculi, qui sunt in vlteriori gradu agnationis, ansuccedant, et praefera…","page_125.xml","page_126.xml","page_125.xml; page_126.xml"
"Baldo_Cons_Print_Venice_1575_v5","253","CCLIII","CONSILIVM CCLIII.","1","Magis vniuersale habetur loco generis, et minus loco speciei. Speciale dicitur m…","page_126.xml","page_127.xml","page_126.xml; page_127.xml"
"Baldo_Cons_Print_Venice_1575_v5","254","CCLIIII","CONSILIVM CCLIIII.","1","In Christi Nomine Amen. Pacta super bonis quondam Thadei, contra dominam Isam de…","page_127.xml","page_127.xml","page_127.xml"
"Baldo_Cons_Print_Venice_1575_v5","255","CCLV","CONSILIVM CCLV.","1","In Christi Nomine. Amen. In causa super bonis quondam Thadei, contra d. Isam def…","page_127.xml","page_128.xml","page_127.xml; page_128.xml"
"Baldo_Cons_Print_Venice_1575_v5","256","CCLVI","CONSILIVM CCLVI.","1","In Christi Nomine Amen. Visa petitione Francisci magistri Thomę agent ex parte u…","page_128.xml","page_128.xml","page_128.xml"
"Baldo_Cons_Print_Venice_1575_v5","257","CCLVII","CONSILIVM CCLVII.","1","In Christi Nomine Amen. In causa, quę vertitur inter dominum Fran. Stephani ex p…","page_128.xml","page_128.xml","page_128.xml"
"Baldo_Cons_Print_Venice_1575_v5","258","CCLVIII","CONSILIVM CCLVIII.","1","In Christi Nomine Amen.","page_128.xml","page_128.xml","page_128.xml"
"Baldo_Cons_Print_Venice_1575_v5","259","CCLIX","CONSILIVM CCLIX.","1","In Christi Nomine Amen. Factum sic se habet. Quidam nomine Titius habuit duos fi…","page_128.xml","page_129.xml","page_128.xml; page_129.xml"
"Baldo_Cons_Print_Venice_1575_v5","260","CCLX","CONSILIVM CCLX.","1","In Christi Nomine Amen. In ciuitate Perusii viget infrascripta constitutio, vide…","page_129.xml","page_129.xml","page_129.xml"
"Baldo_Cons_Print_Venice_1575_v5","261","CCLXI","CONSILIVM CCLXI.","1","Quod remedium dicatur intentatum, quando fit turbatio, vel infamatio. Christi No…","page_129.xml","page_131.xml","page_129.xml; page_130.xml; page_131.xml"
"Baldo_Cons_Print_Venice_1575_v5","262","CCLXIII","CONSILIVM CCLXIII.","1","In Christi Nomine Amen. Quia plene, et substantialiter omnia sunt tacta per domi…","page_131.xml","page_131.xml","page_131.xml"
"Baldo_Cons_Print_Venice_1575_v5","263","CCLXIII","CONSILIVM CCLXIII.","1","In Christi Nomine Amen.","page_131.xml","page_131.xml","page_131.xml"
"Baldo_Cons_Print_Venice_1575_v5","264","CCLXIIII","CONSILIVM CCLXIIII.","1","In Christi Nomine Amen. Ad euidentiam est praemittendum,","page_131.xml","page_132.xml","page_131.xml; page_132.xml"
"Baldo_Cons_Print_Venice_1575_v5","265","CCLXV","CONSILIVM CCLXV.","1","In Christi Nomine Amen. Super eo, quod excipitur per filios Franchini de Aduocat…","page_132.xml","page_133.xml","page_132.xml; page_133.xml"
"Baldo_Cons_Print_Venice_1575_v5","266","CCLXVI","CONSILIVM CCLXVI.","1","In Christi Nomine Amen. Proponitur, quod Manfredinus in suo testamento. adde inf…","page_133.xml","page_133.xml","page_133.xml"
"Baldo_Cons_Print_Venice_1575_v5","267","CCLXVII","CONSILIVM CCLXVII.","1","In Christi Nomine Amen. Proponitur, quod Manfredinus in suo testamento instituit…","page_133.xml","page_134.xml","page_133.xml; page_134.xml"
"Baldo_Cons_Print_Venice_1575_v5","268","CCLXVIII","CONSILIVM CCLXVIII.","1","In Christi Nomine Amen.","page_134.xml","page_134.xml","page_134.xml"
"Baldo_Cons_Print_Venice_1575_v5","269","CCLXIX","NSILIVM CCLXIX.","1","In Christi Nomine Amen. Sententia sindicatoris continet ueritatem, et iustitiam:…","page_134.xml","page_134.xml","page_134.xml"
"Baldo_Cons_Print_Venice_1575_v5","270","CCLXX","CONSILIVM CCLXX.","1","In Christi Nomine Amen. Ista materia casuum fortuitorum est materia sa. no. Dici…","page_134.xml","page_135.xml","page_134.xml; page_135.xml"
"Baldo_Cons_Print_Venice_1575_v5","271","CCLXXI","CONSILIVM CCLXXI.","1","In Christi Nomine Amen.","page_135.xml","page_135.xml","page_135.xml"
"Baldo_Cons_Print_Venice_1575_v5","272","CCLXXII","CONSILIVM CCLXXII.","1","In Christi Nomine Amen. In causa egregię, et magnificae dominae d. Franchinę de …","page_135.xml","page_136.xml","page_135.xml; page_136.xml"
"Baldo_Cons_Print_Venice_1575_v5","273","CCLXXIII","CONSILIVM CCLXXIII.","1","† Statuto ciuitatis Terdonae continetur, quod muliere decedente constante matrim…","page_136.xml","page_136.xml","page_136.xml"
"Baldo_Cons_Print_Venice_1575_v5","274","CCLXXIIII","CONSILIVM CCLXXIIII.","1","In Christi Nomine Amen.","page_136.xml","page_137.xml","page_136.xml; page_137.xml"
"Baldo_Cons_Print_Venice_1575_v5","275","CCLXXV","CONSILIVM CCLXXV","1","In Christi Nomine Amen. Pręmisso statuto communis Veronę, quo cauetur, quod vica…","page_137.xml","page_138.xml","page_137.xml; page_138.xml"
"Baldo_Cons_Print_Venice_1575_v5","276","CCLXXVI","CONSILIVM CCLXXVI.","1","Agnati offerentes pretium emptori an possint feudum repetere. In Christi Nomine …","page_138.xml","page_138.xml","page_138.xml"
"Baldo_Cons_Print_Venice_1575_v5","277","CCLXXVII","CONSILIVM CCLXXVII.","1","Curator ad litem non potest iurare de calumnia, nisi habeat speciale mandatum. I…","page_138.xml","page_139.xml","page_138.xml; page_139.xml"
"Baldo_Cons_Print_Venice_1575_v5","278","CCLXXVIII","CONSILIVM CCLXXVIII.","1","Christi Nomine sulo ego Bal. de Perusis dictum sindicum fuisse, et esse legitimu…","page_139.xml","page_139.xml","page_139.xml"
"Baldo_Cons_Print_Venice_1575_v5","279","CCLXXIX","CONSILIVM CCLXXIX.","1","In Christi Nomine Amen. Factum tale est, A. inuestiuit B. ad certum fictum annuu…","page_139.xml","page_140.xml","page_139.xml; page_140.xml"
"Baldo_Cons_Print_Venice_1575_v5","280","CCLXXX","CONSILIVM CCLXXX.","1","In Christi Nomine Amen.","page_140.xml","page_140.xml","page_140.xml"
"Baldo_Cons_Print_Venice_1575_v5","281","CCLXXXI","CONSILIVM CCLXXXI.","1","In Christi Nomine Amen. Ad euidentiam praemittendum est quod secundum tenorem di…","page_140.xml","page_140.xml","page_140.xml"
"Baldo_Cons_Print_Venice_1575_v5","282","CCLXXXII","CONSILIVM CCLXXXII.","1","In feudo antiquo succedit prior agnatus. In Christi Nomine Amen. Proponitur, quo…","page_140.xml","page_141.xml","page_140.xml; page_141.xml"
"Baldo_Cons_Print_Venice_1575_v5","283","CCLXXXIII","CONSILIVM CCLXXXIII.","1","In Christi Nomine Amen.","page_141.xml","page_141.xml","page_141.xml"
"Baldo_Cons_Print_Venice_1575_v5","284","CCLXXXIIII","CONSILIVM CCLXXXIIII.","1","In Christi Nomine Amen. Proponitur in facto, quod magister Gulielmus de dulis de…","page_141.xml","page_141.xml","page_141.xml"
"Baldo_Cons_Print_Venice_1575_v5","285","CCLXXXV","CONSILIVM CCLXXXV","1","In Christi Nomine Amen.","page_141.xml","page_142.xml","page_141.xml; page_142.xml"
"Baldo_Cons_Print_Venice_1575_v5","286","CCLXXXVI","CONSILIVM CCLXXXVI.","1","In Christi Nomine Amen. Casus talis est. nobilis vir Petrus quondam Giberti de C…","page_142.xml","page_142.xml","page_142.xml"
"Baldo_Cons_Print_Venice_1575_v5","287","CCLXXXVII","CONSILIVM CCLXXXVII.","1","In Christi Nomine Amen.","page_142.xml","page_142.xml","page_142.xml"
"Baldo_Cons_Print_Venice_1575_v5","288","CCLXXXVIII","CONSILIVM CCLXXXVIII.","1","In Christi Nomine Amen.","page_142.xml","page_143.xml","page_142.xml; page_143.xml"
"Baldo_Cons_Print_Venice_1575_v5","289","CCLXXXIX","CONSILIVM CCLXXXIX.","1","In Christi Nomine Amen. Breuiter me expedirem, nisi quia materia meretur latius …","page_143.xml","page_144.xml","page_143.xml; page_144.xml"
"Baldo_Cons_Print_Venice_1575_v5","290","CCXC","CONSILIVM CCXC.","1","In Christi Nomine Amen. In causa istorum nobilium duę sunt opiniones doctorum, e…","page_144.xml","page_144.xml","page_144.xml"
"Baldo_Cons_Print_Venice_1575_v5","291","CCXCI","CONSILIVM CCXCI.","1","In Christi Nomine Amen. Licet de multis punctis sit quaesitum, tamen vt responde…","page_144.xml","page_146.xml","page_144.xml; page_145.xml; page_146.xml"
"Baldo_Cons_Print_Venice_1575_v5","293","CCXCIII","CONSILIVM CCXCIII.","1","In Christi Nomine Amen. Quia non inuenio hoc contractus esse per aliquam decreta…","page_146.xml","page_146.xml","page_146.xml"
"Baldo_Cons_Print_Venice_1575_v5","294","CCXCIIII","CONSILIVM CCXCIIII.","1","trix filio, vel nepoti: et quam potestatem habeat. In Christi Nomine Amen.","page_146.xml","page_147.xml","page_146.xml; page_147.xml"
"Baldo_Cons_Print_Venice_1575_v5","295","CCXCV","CONSILIVM CCXCV.","1","In Christi Nomine Amen.","page_147.xml","page_148.xml","page_147.xml; page_148.xml"
"Baldo_Cons_Print_Venice_1575_v5","296","CCXCVI","CONSILIVM CCXCVI","1","In Christi Nomine Amen. Factum sic se habet. testator in testamento instituit fi…","page_148.xml","page_148.xml","page_148.xml"
"Baldo_Cons_Print_Venice_1575_v5","297","CCXCVII","CONSILIVM CCXCVII.","1","In Christi Nomine. Amen. Constituti coram excellentissimo viro domino Philippo d…","page_148.xml","page_149.xml","page_148.xml; page_149.xml"
"Baldo_Cons_Print_Venice_1575_v5","298","CCXCVIII","CONSILIVM CCXCVIII.","1","In Christi Nomine Amen. Casus sic proponitur. D. Ioannes habuit tres filios: vid…","page_149.xml","page_149.xml","page_149.xml"
"Baldo_Cons_Print_Venice_1575_v5","299","CCXCIX","CONSILIVM CCXCIX.","1","In Christi Nomine Amen. Proponitur, quod super quibusdam positionibus, in quibus…","page_149.xml","page_149.xml","page_149.xml"
"Baldo_Cons_Print_Venice_1575_v5","300","CCC","CONSILIVM CCC.","1","In Christi Nomine Amen.","page_149.xml","page_150.xml","page_149.xml; page_150.xml"
"Baldo_Cons_Print_Venice_1575_v5","301","CCCI","CONSILIVM CCCI.","1","In Christi Nomine Amen.","page_150.xml","page_151.xml","page_150.xml; page_151.xml"
"Baldo_Cons_Print_Venice_1575_v5","302","CCCII","CONSILIVM CCCII.","1","In Christi Nomine Amen.","page_151.xml","page_151.xml","page_151.xml"
"Baldo_Cons_Print_Venice_1575_v5","303","CCCIII","CONSILIVM CCCIII.","1","In Christi Nomine. Amen. Quidam nobilis de sancto Nazario vendidit cuidam alii n…","page_151.xml","page_151.xml","page_151.xml"
"Baldo_Cons_Print_Venice_1575_v5","304","CCCIIII","CONSILIVM CCCIIII.","1","In Christi Nomine Amen. Nobilis uir dominus Gulier. de sancto Nazario habuit duo…","page_151.xml","page_152.xml","page_151.xml; page_152.xml"
"Baldo_Cons_Print_Venice_1575_v5","305","CCCV","CONSILIVM CCCV.","1","In Christi Nomine. Amen. Carolus diuina fauente clementia Romanorum Imperator se…","page_152.xml","page_153.xml","page_152.xml; page_153.xml"
"Baldo_Cons_Print_Venice_1575_v5","306","CCCVI","CONSILIVM CCCVI.","1","Legitimatio in qua non exprimitur qualitas legitimandi, non ualet. Filii nati ui…","page_153.xml","page_153.xml","page_153.xml"
"Baldo_Cons_Print_Venice_1575_v5","307","CCCVII","CONSILIVM CCCVII.","1","In Christi Nomine Amen. Proponitur, quod notarius quidam fuit rogatus, quod conf…","page_153.xml","page_154.xml","page_153.xml; page_154.xml"
"Baldo_Cons_Print_Venice_1575_v5","308","CCCVIII","CONSILIVM CCCVIII.","1","In Christi Nomine Amen. Super praedicto puncto dico, quod iudex dictae secundae …","page_154.xml","page_154.xml","page_154.xml"
"Baldo_Cons_Print_Venice_1575_v5","309","CCCIX","CONSILIVM CCCIX.","1","In Christi Nomine Amen. Decreto magnifici, et illustri. comitis cauetur, quod in…","page_154.xml","page_154.xml","page_154.xml"
"Baldo_Cons_Print_Venice_1575_v5","310","CCCX","CONSILIVM CCCX.","1","In Christi Nomine Amen.","page_154.xml","page_155.xml","page_154.xml; page_155.xml"
"Baldo_Cons_Print_Venice_1575_v5","311","CCCXI","CONSILIVM CCCXI.","1","In Christi Nomine Amen. In quaestione Galuagini Fęneratoris satis prudenter est …","page_155.xml","page_156.xml","page_155.xml; page_156.xml"
"Baldo_Cons_Print_Venice_1575_v5","312","CCCXII","CONSILIVM CCCXII.","1","In Christi Nomine Amen.","page_156.xml","page_156.xml","page_156.xml"
"Baldo_Cons_Print_Venice_1575_v5","313","CCCXIII","CONSILIVM CCCXIII.","1","In Christi Nomine Amen. Proponitur, quod quoddam compromissum fuit factum in tre…","page_156.xml","page_157.xml","page_156.xml; page_157.xml"
"Baldo_Cons_Print_Venice_1575_v5","314","CCCXIIII","CONSILIVM CCCXIIII.","1","buscunque verbis fiat, dummodo aperte. Ius protestandi transit ad singularem suc…","page_157.xml","page_157.xml","page_157.xml"
"Baldo_Cons_Print_Venice_1575_v5","315","CCCXV","CONSILIVM CCCXV.","1","In Christi Nomine Amen Ad euidentiam praemittendum est, quod vasallus aliquando …","page_157.xml","page_157.xml","page_157.xml"
"Baldo_Cons_Print_Venice_1575_v5","316","CCCXVI","CONSILIVM CCCXVI.","1","In Christi Nomine Amen.","page_157.xml","page_158.xml","page_157.xml; page_158.xml"
"Baldo_Cons_Print_Venice_1575_v5","317","CCCXVII","CONSILIVM CCCXVII.","1","Mater transiens ad secunda vota nullis existentibus filiis primi matrimonii non …","page_158.xml","page_158.xml","page_158.xml"
"Baldo_Cons_Print_Venice_1575_v5","318","CCCXVIII","CONSILIVM CCCXVIII.","1","In Christi Nomine Amen. Proponitur, quod solus filius fuit institutus, et quod i…","page_158.xml","page_158.xml","page_158.xml"
"Baldo_Cons_Print_Venice_1575_v5","319","CCCXIX","CONSILIVM CCCXIX.","1","In Christi Nomine Amen. Quidam Nicolaus suum condidit testamentum, in quo inter …","page_158.xml","page_158.xml","page_158.xml"
"Baldo_Cons_Print_Venice_1575_v5","320","CCCXX","CONSILIVM CCCXX.","1","quid de bonis dicti testatoris, et est pulchra, et quotidiana materia. In Christ…","page_158.xml","page_159.xml","page_158.xml; page_159.xml"
"Baldo_Cons_Print_Venice_1575_v5","321","CCCXXI","CONSILIVM CCCXXI.","1","In Christi Nomine Amen. Verba compromissi sic dicunt. et voluerunt, quod comprom…","page_159.xml","page_159.xml","page_159.xml"
"Baldo_Cons_Print_Venice_1575_v5","322","CCCXXII","CONSILIVM CCCXXII.","1","In Christi Nomine Amen. Veritas est uidere in eo, quod laudum fuit nullum post t…","page_159.xml","page_159.xml","page_159.xml"
"Baldo_Cons_Print_Venice_1575_v5","323","CCCXXIII","CONSILIVM CCCXXIII.","1","In Christi Nomine Amen. Allegationes egregii docto. domini. Vbertini uerissimę s…","page_159.xml","page_160.xml","page_159.xml; page_160.xml"
"Baldo_Cons_Print_Venice_1575_v5","324","CCCXXIIII","CONSILIVM CCCXXIIII.","1","In Christi Nomine Amen. Onissis opinionibus, quae variae sunt, in authem. item h…","page_160.xml","page_160.xml","page_160.xml"
"Baldo_Cons_Print_Venice_1575_v5","325","CCCXXV","CONSILIVM CCCXXV.","1","In Christi Nomine Amen. Super primo puncto, nunquid dictus nobilis dominus Anton…","page_160.xml","page_160.xml","page_160.xml"
"Baldo_Cons_Print_Venice_1575_v5","326","CCCXXVI","Adidem. CONSILIVM CCCXXVI.","1","In Christi Nomine Amen.","page_160.xml","page_160.xml","page_160.xml"
"Baldo_Cons_Print_Venice_1575_v5","327","CCCXXIII","CONSILIVM CCCXXIII.","1","In Christi Nomine Amen. Visa serie facti narratur, praesuppositis etiam publicis…","page_160.xml","page_161.xml","page_160.xml; page_161.xml"
"Baldo_Cons_Print_Venice_1575_v5","328","CCCXXVIII","CONSILIVM CCCXXVIII.","1","In Christi Nomine Amen.","page_161.xml","page_161.xml","page_161.xml"
"Baldo_Cons_Print_Venice_1575_v5","329","CCCXXIX","CONSILIVM CCCXXIX.","1","In Christi Nomine Amen. Praemissis verbis cuiusdam statuti eiuita. Asten. loquen…","page_161.xml","page_162.xml","page_161.xml; page_162.xml"
"Baldo_Cons_Print_Venice_1575_v5","330","CCCXXX","CONSILIVM CCCXXX.","1","In Christi Nomine Amen. Casus talis est. Auus reliquit nepti non nuptae mille in…","page_162.xml","page_162.xml","page_162.xml"
"Baldo_Cons_Print_Venice_1575_v5","331","CCCXXXI","CONSILIVM CCCXXXI.","1","In Christi Nomine Amen. Quidam fuit inuestitus de quodam praedio pro certo annuo…","page_162.xml","page_163.xml","page_162.xml; page_163.xml"
"Baldo_Cons_Print_Venice_1575_v5","332","CCCXXXII","CONSILIVM CCCXXXII.","1","Primo dubitatur, Dux Turen. duni ciuita tis Astem. habet communionem cum alio su…","page_163.xml","page_163.xml","page_163.xml"
"Baldo_Cons_Print_Venice_1575_v5","333","CCCXXXIII","CONSLLIVM CCCXXXIII.","1","In Christi Nomine Amen. Nobilis vir dominus Manfredinus de Gutturariis donauit n…","page_163.xml","page_164.xml","page_163.xml; page_164.xml"
"Baldo_Cons_Print_Venice_1575_v5","334","CCCXXXIIII","CONSILIVM CCCXXXIIII.","1","Pupillaris substitutio potest fieri in praeiudicium fratris, et matris. Vassallu…","page_164.xml","page_164.xml","page_164.xml"
"Baldo_Cons_Print_Venice_1575_v5","335","CCCXXXV","CONSILIVM CCCXXXV.","1","In Christi Nomine Amen. Proponitur, quod quidam dudum do. Guidentinus fuit archi…","page_164.xml","page_165.xml","page_164.xml; page_165.xml"
"Baldo_Cons_Print_Venice_1575_v5","336","CCCXXXVI","CONSILIVM CCCXXXVI.","1","De consuetudine singulariter ciuitates habent fiscum singularem. Quod ius habent…","page_165.xml","page_166.xml","page_165.xml; page_166.xml"
"Baldo_Cons_Print_Venice_1575_v5","337","M CCCXXXVII","CONSILIV M CCCXXXVII","1","In Christi Nomine Amen.","page_166.xml","page_166.xml","page_166.xml"
"Baldo_Cons_Print_Venice_1575_v5","338","CCCXXXVIII","CONSILIVM CCCXXXVIII.","1","Reus absoluendus est propter ineptitudinem libelli, saluo iure semper agendi. In…","page_166.xml","page_167.xml","page_166.xml; page_167.xml"
"Baldo_Cons_Print_Venice_1575_v5","339","CCCXXXIX","CONSILIVM CCCXXXIX.","1","In Christi Nomine Amen. Proponitur, quod certa quantitas perlarum fuit tradita c…","page_167.xml","page_167.xml","page_167.xml"
"Baldo_Cons_Print_Venice_1575_v5","340","CCCXL","CONSILIVM CCCXL.","1","Propter non solutionem pedagii an res incidat in commissum. In Christi Nomine Am…","page_167.xml","page_167.xml","page_167.xml"
"Baldo_Cons_Print_Venice_1575_v5","341","CCCXLI","CONSILIVM CCCXLI.","1","In Christi Nomine Amen. Proposito statuto continetur, quod iudex debeat ferre se…","page_167.xml","page_168.xml","page_167.xml; page_168.xml"
"Baldo_Cons_Print_Venice_1575_v5","342","CCCXLII","CONSILIVM CCCXLII..","1","liter intelligatur illa clausula, vel plura. 1D In Christi Nomine. Amen. Casus t…","page_168.xml","page_169.xml","page_168.xml; page_169.xml"
"Baldo_Cons_Print_Venice_1575_v5","343","CCCXLIII","ILIVM CCCXLIII.","1","In Christi Nomine Amen.","page_169.xml","page_169.xml","page_169.xml"
"Baldo_Cons_Print_Venice_1575_v5","346","CCCXLVI","CONSILIVM CCCXLVI..","1","In Christi Nomine. Amen. Viso themate, et actis, et actitatis supradictis, et vi…","page_172.xml","page_172.xml","page_172.xml"
"Baldo_Cons_Print_Venice_1575_v5","347","CCCXLIIIVI","CONSILIVM CCeXLIIIVI.","1","Tniuestituram non petens infra annum, et diem, an possit priuari seudo. In In Ch…","page_169.xml","page_169.xml","page_169.xml"
"Baldo_Cons_Print_Venice_1575_v5","347","CCCXLVII","CCONSILIVM CCCXLVII.","1","data potestas prorogandi, quoties eis videbitur, non demonstrato tempore, ita qu…","page_172.xml","page_172.xml","page_172.xml"
"Baldo_Cons_Print_Venice_1575_v5","348","CCCXLVIII","CONSILIVM CCCXLVIII. qI.","1","furtis condemnatus, sed soluit poenam, quae erat pecuniaria. In Christi Nomine A…","page_172.xml","page_173.xml","page_172.xml; page_173.xml"
"Baldo_Cons_Print_Venice_1575_v5","349","CCCXLIX","CONSILIVM CCCXLIX.","1","Populus an possit condere legem, quod credatur scrip. campso. rum tam pro se, qu…","page_173.xml","page_174.xml","page_173.xml; page_174.xml"
"Baldo_Cons_Print_Venice_1575_v5","350","CCCL","CONSILIVM CCCL.","1","In Christi Nomine. Amen. Verba compromissi sic dicunt. dantes, et concedentes di…","page_174.xml","page_175.xml","page_174.xml; page_175.xml"
"Baldo_Cons_Print_Venice_1575_v5","351","CCCLI","CONSILIVM CCCLI.","1","Si promiserunt aliqui viuere aequaliter, an ille, qui tenet plures equos, quam a…","page_175.xml","page_178.xml","page_175.xml; page_176.xml; page_177.xml; page_178.xml"
"Baldo_Cons_Print_Venice_1575_v5","352","CCCLII","CONSILIVM CCCLII.","1","In Christi Nomine Amen. Item statuimus, quod quaelibet donatio inter uiuos, quae…","page_178.xml","page_179.xml","page_178.xml; page_179.xml"
"Baldo_Cons_Print_Venice_1575_v5","353","CCCLIII","CONSILIVM CCCLIII.","1","In Christi Nomine Amen. Proponitur, quod dictus Prosellus retulit domino nostro,…","page_179.xml","page_180.xml","page_179.xml; page_180.xml"
"Baldo_Cons_Print_Venice_1575_v5","354","CCCLIIII","CONSILIVM CCCLIIII.","1","Detractio, quae fit de dona causa mortis, an habeat instar falcidiae, an trebell…","page_180.xml","page_180.xml","page_180.xml"
"Baldo_Cons_Print_Venice_1575_v5","355","CCCLV","CONSILIVM CCCLV","1","In Christi Nomine Amen.","page_180.xml","page_181.xml","page_180.xml; page_181.xml"
"Baldo_Cons_Print_Venice_1575_v5","356","CCCLVI","CONSILIVM CCCLVI.","1","In Christi Nomine Amen.","page_181.xml","page_181.xml","page_181.xml"
"Baldo_Cons_Print_Venice_1575_v5","357","CCCLVII","CONSILIVM CCCLVII.","1","In Christi Nomine Amen. No. pro Duce Turonię, fratre Serenissimi Regis regni Fra…","page_181.xml","page_182.xml","page_181.xml; page_182.xml"
"Baldo_Cons_Print_Venice_1575_v5","359","CCCLIX","CONSILIVM CCCLIX.","1","In Christi Nomine Amen.","page_182.xml","page_183.xml","page_182.xml; page_183.xml"
"Baldo_Cons_Print_Venice_1575_v5","360","CCCLX","CONSILIVM CCCLX.","1","In Christi Nomine Amen. Viso instrumento emptionis fructuum certorum molendinoru…","page_183.xml","page_183.xml","page_183.xml"
"Baldo_Cons_Print_Venice_1575_v5","361","CCCLXI","CONSILIVM CCCLXI.","1","In Christi Nomine Amen. Verba Bartoli in l. Gallus. §. et quid si tantum. de lib…","page_183.xml","page_183.xml","page_183.xml"
"Baldo_Cons_Print_Venice_1575_v5","362","CCCLXII","CONSILIVM CCCLXII.","1","Cessionarius an possit compelli per excep. compensationis. Cessionarius an fiat …","page_183.xml","page_184.xml","page_183.xml; page_184.xml"
"Baldo_Cons_Print_Venice_1575_v5","363","CCCLXIII","CONSILIVM CCCLXIII.","1","In Christi Nomine Amen.","page_184.xml","page_184.xml","page_184.xml"
"Baldo_Cons_Print_Venice_1575_v5","364","CCCLXIIII","CONSILIVM CCCLXIIII.","1","In Christi Nomine Amen. Certum est, quod in hypothecaria qui prior ast tempore, …","page_184.xml","page_184.xml","page_184.xml"
"Baldo_Cons_Print_Venice_1575_v5","365","CCCLXV","CONSILIVM CCCLXV.","1","Priuilegium concessum simul pluribus non videtur concessum vni contra alterum. I…","page_184.xml","page_185.xml","page_184.xml; page_185.xml"
"Baldo_Cons_Print_Venice_1575_v5","366","CCCLXVI","CONSILIVM CCCLXVI.","1","In Christi Nomine Amen. Visis consiliis dictorum excellentissimorum doctorum, et…","page_185.xml","page_185.xml","page_185.xml"
"Baldo_Cons_Print_Venice_1575_v5","367","CCCLXVII","CONSILIVM CCCLXVII.","1","In Christi Nomine Amen. Quidam tres haeredes instituit, et inter eos talem subst…","page_185.xml","page_185.xml","page_185.xml"
"Baldo_Cons_Print_Venice_1575_v5","368","CCCLXVIII","CONSILIVM CCCLXVIII.","1","In Christi Nomine Amen.","page_185.xml","page_186.xml","page_185.xml; page_186.xml"
"Baldo_Cons_Print_Venice_1575_v5","369","CCCLXIX","CONSILIVM CCCLXIX","1","In Christi Nomine Amen. Venditor constituit se precario nomine emptoris possider…","page_186.xml","page_186.xml","page_186.xml"
"Baldo_Cons_Print_Venice_1575_v5","370","CCCLXX","CONSILIVM CCCLXX","1","In Christi Nomine Amen.","page_186.xml","page_186.xml","page_186.xml"
"Baldo_Cons_Print_Venice_1575_v5","371","CCCLXXI","CONSILIVM CCCLXXI.","1","In Christi Nomine Amen. In volumine capitulorum Sauigliani est quoddam capitulum…","page_186.xml","page_187.xml","page_186.xml; page_187.xml"
"Baldo_Cons_Print_Venice_1575_v5","372","CCCLXXII","CONSILIVM CCCLXXII.","1","In Christi Nomine Amen. Contrarium fuit consultum per quosdam, et incipit consil…","page_187.xml","page_188.xml","page_187.xml; page_188.xml"
"Baldo_Cons_Print_Venice_1575_v5","373","CCCLXXIII","Ad idem. CONSILIVM CCCLXXIII.","1","In Christi Nomine Amen. Statuto ciuitatis Papiae cauetur, quod sint, et esse deb…","page_188.xml","page_188.xml","page_188.xml"
"Baldo_Cons_Print_Venice_1575_v5","374","CCCLXXIIII","CONSILIVM CCCLXXIIII","1","In Christi Nomine Amen.","page_188.xml","page_189.xml","page_188.xml; page_189.xml"
"Baldo_Cons_Print_Venice_1575_v5","375","CCCLXXV","CONSILIVM CCCLXXV.","1","In Christi Nomine Amen.","page_189.xml","page_189.xml","page_189.xml"
"Baldo_Cons_Print_Venice_1575_v5","376","CCCLXXVI","CONSILIVM CCCLXXVI.","1","In Christi Nomine Amen.","page_189.xml","page_189.xml","page_189.xml"
"Baldo_Cons_Print_Venice_1575_v5","377","CCCLXXVII","CONSILIVM CCCLXXVII.","1","In Christi Nomine Amen. Quędam mulier donauit primo particulariter quasdam res. …","page_189.xml","page_190.xml","page_189.xml; page_190.xml"
"Baldo_Cons_Print_Venice_1575_v5","378","CCCLXXVIII","CONSILIVM CCCLXXVIII.","1","In Christi Nomine Amen. Saluo semper saniori consilio, supet dubio quaestionis p…","page_190.xml","page_191.xml","page_190.xml; page_191.xml"
"Baldo_Cons_Print_Venice_1575_v5","379","CCCLXXIX","CONSILIVM CCCLXXIX.","1","Tempus signoriae consumitur cursu: nec habet locum purgatiomorae, nec ratificati…","page_191.xml","page_192.xml","page_191.xml; page_192.xml"
"Baldo_Cons_Print_Venice_1575_v5","380","CCCLXXX","CONSILIVM CCCLXXX.","1","In Christi Nomine Amen.","page_192.xml","page_193.xml","page_192.xml; page_193.xml"
"Baldo_Cons_Print_Venice_1575_v5","381","CCCLXXXI","CONSILIVM CCCLXXXI.","1","In Christi Nomine Amen.","page_193.xml","page_193.xml","page_193.xml"
"Baldo_Cons_Print_Venice_1575_v5","382","CCCLXXXII","CONSILIVM CCCLXXXII.","1","In Christi Nomine Amen. In questione M. qui detu dedisse consilium V. in fuga, e…","page_193.xml","page_196.xml","page_193.xml; page_194.xml; page_195.xml; page_196.xml"
"Baldo_Cons_Print_Venice_1575_v5","383","CCCLXXXVIII","CONSILIVM CCCLXXXVIII.","1","In Christi Nomine Amen. Bectonus de Ceuo habitator terrae de Cadagnano districtu…","page_196.xml","page_197.xml","page_196.xml; page_197.xml"
"Baldo_Cons_Print_Venice_1575_v5","384","CCCLXXXIIII","CONSILIVM CCCLXXXIIII.","1","In Christi Nomine Amen. Statuto ciuitatis cauetur, quod nullus corporaliter puni…","page_197.xml","page_198.xml","page_197.xml; page_198.xml"
"Baldo_Cons_Print_Venice_1575_v5","385","CCCLXXXV","CONSILIVM CCCLXXXV.","1","In Christi Nomine Amen. Ex quadam scriptura orta est quaestio falsi: quia testis…","page_198.xml","page_198.xml","page_198.xml"
"Baldo_Cons_Print_Venice_1575_v5","386","CCCLXXXVI","CONSILIVM CCCLXXXVI.","1","In Christi Nomine Amen. Quidam M. decessit, iam sunt 35. anni, et vltra condito …","page_198.xml","page_200.xml","page_198.xml; page_199.xml; page_200.xml"
"Baldo_Cons_Print_Venice_1575_v5","387","CCCLXXXVII","CONSILIVM CCCLXXXVII.","1","In Christi Nomine Amen.","page_200.xml","page_200.xml","page_200.xml"
"Baldo_Cons_Print_Venice_1575_v5","389","CCCLXXXIX","CONSILIVM CCCLXXXIX.","1","In Christi Nomine Amen. Reperitur, quod quondam A. condidit testamentum, in quo …","page_200.xml","page_201.xml","page_200.xml; page_201.xml"
"Baldo_Cons_Print_Venice_1575_v5","390","CCCXC","CONSILIVM CCCXC.","1","In Christi Nomine Amen. Super eo, quod quaeritur, si haereditas materna del ita …","page_201.xml","page_201.xml","page_201.xml"
"Baldo_Cons_Print_Venice_1575_v5","391","CCCXCI","CONSILIVM CCCXCI.","1","Contrahens tanquam adultus, et non tanquam prodigus si iuret, an firmetur iurame…","page_201.xml","page_202.xml","page_201.xml; page_202.xml"
"Baldo_Cons_Print_Venice_1575_v5","392","CCCXCII","CONSILIVM CCCXCII.","1","In Christi Nomine Amen.","page_202.xml","page_203.xml","page_202.xml; page_203.xml"
"Baldo_Cons_Print_Venice_1575_v5","393","CCCXCIII","CONSILIVM CCCXCIII.","1","Statutum, quod nulla mulier se nubat cum haereditate extra iurisdictionem. et c.…","page_203.xml","page_203.xml","page_203.xml"
"Baldo_Cons_Print_Venice_1575_v5","394","CCCXCIIII","CONSILIVM CCCXCIIII.","1","Mulier an possit repetere dotem, si maritus longo tempore fue. rit absens, et re…","page_203.xml","page_203.xml","page_203.xml"
"Baldo_Cons_Print_Venice_1575_v5","395","CCCXCV","CONSILIVM CCCXCV.","1","In Christi Nomine Amen. lus naturale comprobatum in nouo, et ueteri testamento: …","page_203.xml","page_203.xml","page_203.xml"
"Baldo_Cons_Print_Venice_1575_v5","396","CCCXCVI","CONSILIVM CCCXCVI.","1","Quis contractus sit iste, et an sit permissus, si do pecuniam mercatori, vt de l…","page_203.xml","page_204.xml","page_203.xml; page_204.xml"
"Baldo_Cons_Print_Venice_1575_v5","397","CCCXCVII","CONSILIVM CCCXCVII.","1","In Christi Nomine Amen. Duo fratres diu steterunt simul, et bona omnia communia …","page_204.xml","page_204.xml","page_204.xml"
"Baldo_Cons_Print_Venice_1575_v5","398","CCCXCVIII","CONSILIVM CCCXCVIII.","1","In Christi Nomine Amen. Statuto Perusii cauetur, quod si actor voluerit conceder…","page_204.xml","page_204.xml","page_204.xml"
"Baldo_Cons_Print_Venice_1575_v5","399","CCCXCIX","CONSILIVM CCCXCIX.","1","In Christi Nomine Amen. Inu De principali instrumento videndum est, vtrum valuer…","page_204.xml","page_206.xml","page_204.xml; page_205.xml; page_206.xml"
"Baldo_Cons_Print_Venice_1575_v5","400","CCCC","CONSILIVM CCCC.","1","Per nouationem, seu delegationem an praeiudicatur prioribus creditoribus. Inter …","page_206.xml","page_208.xml","page_206.xml; page_207.xml; page_208.xml"
"Baldo_Cons_Print_Venice_1575_v5","401","CCCCI","CONSILIVM CCCCI.","1","Quid requiratur ad inducendam consuetudinem in praeiudicium alicuius. In feudis …","page_208.xml","page_209.xml","page_208.xml; page_209.xml"
"Baldo_Cons_Print_Venice_1575_v5","402","CCCCII","CONSILIVM CCCCII.","1","In Christi Nomine Amen.","page_209.xml","page_210.xml","page_209.xml; page_210.xml"
"Baldo_Cons_Print_Venice_1575_v5","403","CCCCIII","ONSILIVM CCCCIII.","1","In Christi Nomine. Amen.","page_210.xml","page_211.xml","page_210.xml; page_211.xml"
"Baldo_Cons_Print_Venice_1575_v5","404","CCCCIIII","CONSILIVM CCCCIIII.","1","In Christi Nomine Amen.","page_211.xml","page_211.xml","page_211.xml"
"Baldo_Cons_Print_Venice_1575_v5","405","CCCCV","CONSILIVM CCCCV.","1","Quando quis potest retinere rem haereditariam alio iure quamhaereditario iuramen…","page_211.xml","page_212.xml","page_211.xml; page_212.xml"
"Baldo_Cons_Print_Venice_1575_v5","406","CCCCVI","CONSILIVM CCCCVI","1","mentis, et ideo qui non subveniunt populo in necessariis alimen. dicuntur populu…","page_212.xml","page_213.xml","page_212.xml; page_213.xml"
"Baldo_Cons_Print_Venice_1575_v5","407","CCCCVII","CONSILIVM CCCCVII.","1","terius ciuitatis habentis distinctum territorium. In Christi Nomine Amen. Super …","page_213.xml","page_214.xml","page_213.xml; page_214.xml"
"Baldo_Cons_Print_Venice_1575_v5","408","CCCCVIII","CONSILIVM CCCCVIII.","1","In Christi Nomine Amen.","page_214.xml","page_214.xml","page_214.xml"
"Baldo_Cons_Print_Venice_1575_v5","409","CCCCIX","CONSILIVM CCCCIX.","1","In Christi Nomine Amen.","page_214.xml","page_214.xml","page_214.xml"
"Baldo_Cons_Print_Venice_1575_v5","410","CCCCX","CONSILIVM CCCCX.","1","Immunitas indiscrete concessa intelligitur de personalibus. In Christi Nomine Am…","page_214.xml","page_216.xml","page_214.xml; page_215.xml; page_216.xml"
"Baldo_Cons_Print_Venice_1575_v5","411","CCCCXI","CONSILIVM CCCCXI.","1","In Christi Nomine Amen. Quidam emerunt ad incantum certas gabellas ciuitatis Ian…","page_216.xml","page_217.xml","page_216.xml; page_217.xml"
"Baldo_Cons_Print_Venice_1575_v5","412","CCCCXII","CONSILIVM CCCCXII.","1","In Christi Nomine Amen. F. locauit T. in haec verba 1382. de mense Maii a festo …","page_217.xml","page_218.xml","page_217.xml; page_218.xml"
"Baldo_Cons_Print_Venice_1575_v5","413","CCCCXIII","CONSILIVM CCCCXIII.","1","In Christi Nomine Amen.","page_218.xml","page_218.xml","page_218.xml"
"Baldo_Cons_Print_Venice_1575_v5","414","CCCCXIIII","CONSILIVM CCCCXIIII.","1","In Christi Nomine Amen. Concessus fuit saluus conduc. T. et M. eorum cuilibet ve…","page_218.xml","page_219.xml","page_218.xml; page_219.xml"
"Baldo_Cons_Print_Venice_1575_v5","415","CCCCXV","CONSILIVM CCCCXV.","1","In Christi Nomine Amen.","page_219.xml","page_220.xml","page_219.xml; page_220.xml"
"Baldo_Cons_Print_Venice_1575_v5","416","CCCCXVI","CONSILIVM CCCCXVI.","1","n Christi Nomine Amen. us talis est. per sententiam arbitralem fuerunt condemnai…","page_220.xml","page_221.xml","page_220.xml; page_221.xml"
"Baldo_Cons_Print_Venice_1575_v5","417","CCCCXVII","CONSILIVM CCCCXVII.","1","Intentione contrahentium non apparente quid agendum. In Christi Nomine Amen. In …","page_221.xml","page_222.xml","page_221.xml; page_222.xml"
"Baldo_Cons_Print_Venice_1575_v5","418","CCCCXVIII","CONSILIVM CCCCXVIII.","1","In Christi Nomine Amen.","page_222.xml","page_222.xml","page_222.xml"
"Baldo_Cons_Print_Venice_1575_v5","419","CCCCXIX","CONSILIVM CCCCXIX.","1","In Christi Nomine Amen. Testator legauit cuidam Benigno quoddam petium terrę, et…","page_222.xml","page_223.xml","page_222.xml; page_223.xml"
"Baldo_Cons_Print_Venice_1575_v5","420","CCCCXX","IVM CCCCXX.","1","† Stante statuto quod si testatus decessit is, de cuius haereditate agitur, reli…","page_223.xml","page_224.xml","page_223.xml; page_224.xml"
"Baldo_Cons_Print_Venice_1575_v5","421","CCCCXXI","CONSILIVM CCCCXXI.","1","Adde casum huius consi. in 5. parte consi. incip. factum tale est: quidam pipus …","page_224.xml","page_224.xml","page_224.xml"
"Baldo_Cons_Print_Venice_1575_v5","422","CCCCXXII","CONSILIVM CCCCXXII.","1","In Christi Nomine Amen. ni","page_224.xml","page_224.xml","page_224.xml"
"Baldo_Cons_Print_Venice_1575_v5","423","CCCCXXIII","CONSILIVM CCCCXXIII.","1","In Christi Nomine Amen.","page_224.xml","page_224.xml","page_224.xml"
"Baldo_Cons_Print_Venice_1575_v5","424","CCCCXXIIII","CONSILIVM CCCCXXIIII.","1","In Christi Nomine Amen.","page_224.xml","page_224.xml","page_224.xml"
"Baldo_Cons_Print_Venice_1575_v5","425","CCCCXXV","CONSILIVM CCCCXXV.","1","In Christi Nomine. Amen.","page_224.xml","page_225.xml","page_224.xml; page_225.xml"
"Baldo_Cons_Print_Venice_1575_v5","426","CCCCXXVI","CONSILIVM CCCCXXVI.","1","In Christi Nomine Amen.","page_225.xml","page_225.xml","page_225.xml"
"Baldo_Cons_Print_Venice_1575_v5","427","CCCCXXVII","CONSILIVM CCCCXXVII.","1","In Christi Nomine Amen.","page_225.xml","page_226.xml","page_225.xml; page_226.xml"
"Baldo_Cons_Print_Venice_1575_v5","428","CCCCXXVIII","CONSILIVM CCCCXXVIII.","1","In Christi Nomine Amen. Et suę sanctissimae passionis.","page_226.xml","page_228.xml","page_226.xml; page_227.xml; page_228.xml"
"Baldo_Cons_Print_Venice_1575_v5","429","CCCCXXIX","CONSILIVM CCCCXXIX.","1","In Christi Nomine Amen.","page_228.xml","page_228.xml","page_228.xml"
"Baldo_Cons_Print_Venice_1575_v5","430","CCCCXXX","CONSILIVM CCCCXXX.","1","In Christi Nomine Amen. Formata fuit inquisitio per executorem Senatum contra qu…","page_228.xml","page_228.xml","page_228.xml"
"Baldo_Cons_Print_Venice_1575_v5","431","CCCCXXXI","CONSILIVM CCCCXXXI.","1","Grauius est delictum cum ferro, quam cum lapide. In Christi Nomine Amen. Praesup…","page_228.xml","page_229.xml","page_228.xml; page_229.xml"
"Baldo_Cons_Print_Venice_1575_v5","432","CCCCXXXII","CONSILIVM CCCCXXXII.","1","In Christi Nomine Amen.","page_229.xml","page_229.xml","page_229.xml"
"Baldo_Cons_Print_Venice_1575_v5","433","CCCCXXXIII","CONSILIVM CCCCXXXIII.","1","In Christi Nomine Amen. Punctus talis est. dicit inquisitio. percussit manu vacu…","page_229.xml","page_229.xml","page_229.xml"
"Baldo_Cons_Print_Venice_1575_v5","434","CCCCXXIIII","CONSILIVM CCCCXXIIII.","1","Ignorantia probatur per iuramentum: ita et scientia. In Christi Nomine Amen.","page_229.xml","page_229.xml","page_229.xml"
"Baldo_Cons_Print_Venice_1575_v5","435","CCCCXXXV","CONSILIVM CCCCXXXV.","1","In Christi Nomine Amen.","page_229.xml","page_230.xml","page_229.xml; page_230.xml"
"Baldo_Cons_Print_Venice_1575_v5","436","CCCCXXXVI","CONSILIVM CCCCXXXVI.","1","In Christi Nomine. Amen. Statuto communis Papiae praesupposito, quod imponit cer…","page_230.xml","page_231.xml","page_230.xml; page_231.xml"
"Baldo_Cons_Print_Venice_1575_v5","437","CCCCXXXVII","CONSILIVM CCCCXXXVII.","1","In Christi Nomine Amen. Titius habebat Seiam in vxorem, quae cum esset aetatis a…","page_231.xml","page_232.xml","page_231.xml; page_232.xml"
"Baldo_Cons_Print_Venice_1575_v5","438","CCCCXXXVIII","CONSILIVM CCCCXXXVIII.","1","In Christi Nomine Amen.","page_232.xml","page_232.xml","page_232.xml"
"Baldo_Cons_Print_Venice_1575_v5","439","CCCCXXXIX","CONSILIVM CCCCXXXIX.","1","In Christi Nomine Amen.","page_232.xml","page_233.xml","page_232.xml; page_233.xml"
"Baldo_Cons_Print_Venice_1575_v5","440","CCCCXL","CONSILIVM CCCCXL.","1","In Christi Nomine Amen.","page_233.xml","page_234.xml","page_233.xml; page_234.xml"
"Baldo_Cons_Print_Venice_1575_v5","441","CCCCXLI","CONSILIVM CCCCXLI.","1","In Christi Nomine Amen. Visis statutis communi laudae suprapositis themate, et d…","page_234.xml","page_234.xml","page_234.xml"
"Baldo_Cons_Print_Venice_1575_v5","442","CCCCXLII","CONSILIVM CCCCXLII.","1","In Christi Nomine Amen.","page_234.xml","page_234.xml","page_234.xml"
"Baldo_Cons_Print_Venice_1575_v5","443","CCCCXLIII","CONSILIVM CCCCXLIII.","1","In Christi Nomine Amen.","page_234.xml","page_234.xml","page_234.xml"
"Baldo_Cons_Print_Venice_1575_v5","444","CCCCXLIIII","CONSILIVM CCCCXLIIII.","1","In Christi Nomine. Amen. Statuto cuiusdam oppidi cauetur, quod in quolibet instr…","page_234.xml","page_235.xml","page_234.xml; page_235.xml"
"Baldo_Cons_Print_Venice_1575_v5","445","CCCCXLV","CONSILIVM CCCCXLV.","1","Illa disputatio vti possidetis. ita possideatis, non habet locum in iudicio fini…","page_235.xml","page_236.xml","page_235.xml; page_236.xml"
"Baldo_Cons_Print_Venice_1575_v5","446","CCCCXLVI","CONSILIVM CCCCXLVI.","1","Iudex potest ex officio punire falum testem, et productorem. De falso ipso aliqu…","page_236.xml","page_236.xml","page_236.xml"
"Baldo_Cons_Print_Venice_1575_v5","447","CCCCXLVII","CONSILIVM CCCCXLVII.","1","hoc probetur, quod sit vsurarius manifestus. 20 Depositio executoris est probati…","page_236.xml","page_239.xml","page_236.xml; page_237.xml; page_238.xml; page_239.xml"
"Baldo_Cons_Print_Venice_1575_v5","448","CCCCXLVIII","CONSILIVM CCCCXLVIII.","1","In Christi Nomine Amen.","page_239.xml","page_240.xml","page_239.xml; page_240.xml"
"Baldo_Cons_Print_Venice_1575_v5","449","CCCCXLIX","CONSILIVM CCCCXLIX.","1","In Christi Nomine Amen.","page_240.xml","page_240.xml","page_240.xml"
"Baldo_Cons_Print_Venice_1575_v5","450","CCCCL","CONSILIVM CCCCL.","1","In Christi Nomine Amen. D. reliquit dominam F. eius vxorem vsufructuariam omnium…","page_240.xml","page_240.xml","page_240.xml"
"Baldo_Cons_Print_Venice_1575_v5","451","CCCCLI","CONSILIVM CCCCLI.","1","In Christi Nomine Amen. ur.","page_240.xml","page_240.xml","page_240.xml"
"Baldo_Cons_Print_Venice_1575_v5","452","CCCCLII","CONSILIVM CCCCLII.","1","In Christi Nomine Amen. Super primo puncto videtur primo dicendum, quod legatari…","page_240.xml","page_240.xml","page_240.xml"
"Baldo_Cons_Print_Venice_1575_v5","453","CCCCLIII","CONSILIVM CCCCLIII.","1","In Christi Nomine Amen.","page_240.xml","page_241.xml","page_240.xml; page_241.xml"
"Baldo_Cons_Print_Venice_1575_v5","454","CCCCLIIII","CONSILIVM CCCCLIIII.","1","† Statuto cauetur, quod vit lueretur omnes vsusalis fructus, etiam bonorum parap…","page_241.xml","page_241.xml","page_241.xml"
"Baldo_Cons_Print_Venice_1575_v5","455","CCCCLV","CONSILIVM CCCCLV.","1","In Christi Nomine Amen. Asseritur, quod quondam magnificus dominus dominus Berna…","page_241.xml","page_241.xml","page_241.xml"
"Baldo_Cons_Print_Venice_1575_v5","456","CCCCLVI","CONSILIVM CCCCLVI.","1","Lex prohibens milites donare concubinis, de quibus militib. loquatur. Dominus Be…","page_241.xml","page_242.xml","page_241.xml; page_242.xml"
"Baldo_Cons_Print_Venice_1575_v5","457","CCCCLVII","CONSILIVM CCCCLVII.","1","Literis principis asserentis se habere plenitudinem potestatis an credatur. Plen…","page_242.xml","page_244.xml","page_242.xml; page_243.xml; page_244.xml"
"Baldo_Cons_Print_Venice_1575_v5","458","CCCCLVIII","CONSILIVM CCCCLVIII.","1","In Christi Nomine Amen. Quaero vtrum valeat relictum futurae vxori omnino. vide …","page_244.xml","page_244.xml","page_244.xml"
"Baldo_Cons_Print_Venice_1575_v5","459","CCCCLIX","CONSILIVM CCCCLIX.","1","et non addit succedere, quis istorum succedat: et an testamentum sit nullum. Ver…","page_244.xml","page_244.xml","page_244.xml"
"Baldo_Cons_Print_Venice_1575_v5","460","CCCCLX","CONSILIVM CCCCLX.","1","In Christi Nomine Amen. Praemissis uerbis testamenti dicentis.","page_244.xml","page_245.xml","page_244.xml; page_245.xml"
"Baldo_Cons_Print_Venice_1575_v5","461","CCCCLXI","CONSILIVM CCCCLXI.","1","In Christi Nomine Amen. Punctus talis est. Quidam reliquit suo filio naturali vn…","page_245.xml","page_245.xml","page_245.xml"
"Baldo_Cons_Print_Venice_1575_v5","462","CCCCLXII","CONSILIVM CCCCLXII.","1","In Christi Nomine. Amen.","page_245.xml","page_245.xml","page_245.xml"
"Baldo_Cons_Print_Venice_1575_v5","463","CCCCLXIII","CONSILIVM CCCCLXIII.","1","In Christi Nomine Amen. Quidam substituit hoc modo. Si Stephanutius moreretur si…","page_245.xml","page_245.xml","page_245.xml"
"Baldo_Cons_Print_Venice_1575_v5","464","CCCCLXIIII","CONSILIVM CCCCLXIIII.","1","In Christi Nomine Amen. Viso puncto, et visis actis, et actitatis in causa, et c…","page_245.xml","page_246.xml","page_245.xml; page_246.xml"
"Baldo_Cons_Print_Venice_1575_v5","465","CCCCLXV","CONSILIVM CCCCLXV.","1","In Christi Nomine Amen.","page_246.xml","page_246.xml","page_246.xml"
"Baldo_Cons_Print_Venice_1575_v5","466","CCCCLXVI","CONSILIVM CCCCLXVI.","1","tore debet vti cum sua causa, suisque viciis. stConsilia. 124 Striptura, quae fa…","page_246.xml","page_249.xml","page_246.xml; page_247.xml; page_248.xml; page_249.xml"
"Baldo_Cons_Print_Venice_1575_v5","467","CCCCLXVII","CONSILIVM CCCCLXVII.","1","In Christi Nomine Amen.","page_249.xml","page_249.xml","page_249.xml"
"Baldo_Cons_Print_Venice_1575_v5","468","CCCCLXVIII","CONSILIVM CCCCLXVIII.","1","In Christi Nomine Amen. Factum sic se habere videtur, quod quidam B. vendidit qu…","page_249.xml","page_249.xml","page_249.xml"
"Baldo_Cons_Print_Venice_1575_v5","469","CCCCLXIX","CONSILIVM CCCCLXIX.","1","In Christi Nomine Amen. Duo sunt statuta in ciuitate Luca. In primo cauetur, quo…","page_249.xml","page_250.xml","page_249.xml; page_250.xml"
"Baldo_Cons_Print_Venice_1575_v5","470","CCCCLXX","CONSILIVM CCCCLXX","1","Exceptio intentionis, et facti semper potest per quemcunque opponi. In Christi N…","page_250.xml","page_251.xml","page_250.xml; page_251.xml"
"Baldo_Cons_Print_Venice_1575_v5","471","CCCCLXXI","CONSILIVM CCCCLXXI.","1","In Christi Nomine Amen.","page_251.xml","page_251.xml","page_251.xml"
"Baldo_Cons_Print_Venice_1575_v5","472","CCCCLXXII","CONSILIVM CCCCLXXII.","1","In Christi Nomine Amen.","page_251.xml","page_252.xml","page_251.xml; page_252.xml"
"Baldo_Cons_Print_Venice_1575_v5","473","CCCCLXXIII","CONSILIVM CCCCLXXIII","1","In Christi Nomine Amen. Circa quaestionem praecedentem primo in isto statuto tri…","page_252.xml","page_253.xml","page_252.xml; page_253.xml"
"Baldo_Cons_Print_Venice_1575_v5","474","CCCCLXXIIII","CONSILIVM CCCCLXXIIII.","1","In Christi Nomine Amen.","page_253.xml","page_253.xml","page_253.xml"
"Baldo_Cons_Print_Venice_1575_v5","475","CCCCLXXV","CONSILIVM CCCCLXXV.","1","Filius in feudo paterno non succedit. nisi sit haeres. et num. 4. Filius an poss…","page_253.xml","page_254.xml","page_253.xml; page_254.xml"
"Baldo_Cons_Print_Venice_1575_v5","476","CCCCLXXVI","CONSILIVM CCCCLXXVI.","1","In Christi Nomine Amen.","page_254.xml","page_254.xml","page_254.xml"
"Baldo_Cons_Print_Venice_1575_v5","477","CCCCLXXVII","CONSILIVM CCCCLXXVII.","1","In Christi Nomine Amen. Recolo me alias consuluisse iam multis annis decursis su…","page_254.xml","page_256.xml","page_254.xml; page_255.xml; page_256.xml"
"Baldo_Cons_Print_Venice_1575_v5","478","CCCCLXXVIII","CONSILIVM CCCCLXXVIII","1","Mulier nolens portare nestes viduales non efficitur infamis. In Christi Nomine A…","page_256.xml","page_256.xml","page_256.xml"
"Baldo_Cons_Print_Venice_1575_v5","479","CCCCLXXIX","CONSILIVM CCCCLXXIX.","1","Si confessus dicit a se metu tormentorum confessionem fuisse extortam et iudex e…","page_256.xml","page_256.xml","page_256.xml"
"Baldo_Cons_Print_Venice_1575_v5","480","CCCCLXXX","CONSILIVM CCCCLXXX.","1","In Christi Nomine Amen.","page_256.xml","page_257.xml","page_256.xml; page_257.xml"
"Baldo_Cons_Print_Venice_1575_v5","481","CCCCLXXXI","CONSILIVM CCCCLXXXI.","1","In Christi Nomine Amen. Quidam in suo testamento talem institutum fecit. in omni…","page_257.xml","page_257.xml","page_257.xml"
"Baldo_Cons_Print_Venice_1575_v5","482","CCCCLXXXII","CONSILIVM CCCCLXXXII.","1","In Christi Nomine Amen.","page_257.xml","page_258.xml","page_257.xml; page_258.xml"
"Baldo_Cons_Print_Venice_1575_v5","483","CCCCLXXXIII","CONSILIVM CCCCLXXXIII.","1","est quidam Martinus nomine 25. an. Quaeritur,","page_258.xml","page_258.xml","page_258.xml"
"Baldo_Cons_Print_Venice_1575_v5","484","CCCCLXXXIIII","CONSILIVM CCCCLXXXIIII.","1","In Christi Nomine Amen.","page_258.xml","page_258.xml","page_258.xml"
"Baldo_Cons_Print_Venice_1575_v5","485","CCCCLXXXV","CONSILIVM CCCCLXXXV.","1","In Christi Nomine Amen.","page_258.xml","page_259.xml","page_258.xml; page_259.xml"
"Baldo_Cons_Print_Venice_1575_v5","486","CCCCLXXXVI","CONSILIVM CCCCLXXXVI.","1","In Christi Nomine Amen. Super eo primo puncto dico, quod mater filiis masculis n…","page_259.xml","page_259.xml","page_259.xml"
"Baldo_Cons_Print_Venice_1575_v5","487","CCCCLXXXVII","CONSILIVM CCCCLXXXVII.","1","In Christi Nomine Amen. Ser Franciscus in testamento suo Gasparinae filiae suae …","page_259.xml","page_259.xml","page_259.xml"
"Baldo_Cons_Print_Venice_1575_v5","488","CCCCLXXXVIII","CONSILIVM CCCCLXXXVIII.","1","Compromissum factum in aliquem tanquam in arbitrum, et arbitratorem non finitur …","page_259.xml","page_259.xml","page_259.xml"
"Baldo_Cons_Print_Venice_1575_v5","489","CCCCLXXXIX","CONSILIVM CCCCLXXXIX..","1","In Christi Nomine Amen. Proponitur in facto, quod quidam nomine Thomasius in vlt…","page_259.xml","page_260.xml","page_259.xml; page_260.xml"
"Baldo_Cons_Print_Venice_1575_v5","490","CCCCXC","CONSILIVM CCCCXC.","1","Punctus quaestio nIS. maiot natu, et ninor tempore, indiuisum patrimonium habent…","page_260.xml","page_260.xml","page_260.xml"
"Baldo_Cons_Print_Venice_1575_v5","491","CCCXCI","CONSILIVM CCCXcI.","1","† fratres sunt socii omnium bonorum, et vnus Dl CVOcorum stetit in studio, an de…","page_260.xml","page_261.xml","page_260.xml; page_261.xml"
"Baldo_Cons_Print_Venice_1575_v5","492","CCCCXCII","CONSILIVM CCCCXCII.","1","Testis in vna materia dixit unum, in alia aliud, an possit de falso puniri. Acta…","page_261.xml","page_262.xml","page_261.xml; page_262.xml"
"Baldo_Cons_Print_Venice_1575_v5","493","CCCCXCIII","CONSILIVM CCCCXCIII.","1","In Christi Nomine Amen.","page_262.xml","page_262.xml","page_262.xml"
"Baldo_Cons_Print_Venice_1575_v5","494","CCCCXCIIII","CONSILIVM CCCCXCIIII.","1","In Christi Nomine Amen.","page_262.xml","page_263.xml","page_262.xml; page_263.xml"
"Baldo_Cons_Print_Venice_1575_v5","495","CCCCXCV","CONSILIVM CCCCXCV.","1","In Christi Nomine. Amen. Quaedam domina Elena contraxit legitimum matrimonium cu…","page_263.xml","page_266.xml","page_263.xml; page_264.xml; page_265.xml; page_266.xml"
"Baldo_Cons_Print_Venice_1575_v5","496","CCCCXCVI","CONSILIVM CCCCXCVI.","1","In Christi Nomine Amen. Pone, quod filius facit testamentum, et ibi donat aliqui…","page_266.xml","page_266.xml","page_266.xml"
"Baldo_Cons_Print_Venice_1575_v5","497","CCCCXCVII","CONSILIVM CCCCXCVII.","1","Casus talis est, mino generali minorum, ed citare deberet omnes magistros in The…","page_266.xml","page_266.xml","page_266.xml"
"Baldo_Cons_Print_Venice_1575_v5","498","CCCCXCVIII","CONSILIVM CCCCXCVIII.","1","Quaeritle, principis debent cogi renunciare processibus, si volunt renunciare, q…","page_266.xml","page_267.xml","page_266.xml; page_267.xml"
"Baldo_Cons_Print_Venice_1575_v5","499","CCCCXCIX","CONSILIVM CCCCXCIX.","1","Sic ad euidentiam si super morbis, et viciis pactum interpositum est illud serua…","page_267.xml","page_267.xml","page_267.xml"
"Baldo_Cons_Print_Venice_1575_v5","500","CCCCC","CONSILIVM CCCCC.","1","Casus talis est, runt condemnati quidam principales in 75. pro omni eo, in quo e…","page_267.xml","page_267.xml","page_267.xml"
"Baldo_Cons_Print_Venice_1575_v5","501","CCCCCI","CONSILIVM CCCCCI.","1","CrBa sentationem, electionem, seu quamnis aliam dispositionem Episcopi Terdon. i…","page_267.xml","page_268.xml","page_267.xml; page_268.xml"
"Baldo_Cons_Print_Venice_1575_v5","502","CCCCCII","CONSILIVM CCCCCII.","1","CIitatis lanuae, et teneretur nomine quorundam dominorum. Quidam Zacharias olim …","page_268.xml","page_268.xml","page_268.xml"
"Baldo_Cons_Print_Venice_1575_v5","503","CCCCCIII","CONSILIVM CCCCCIII.","1","QlIIa tarem, ideo breuiter dico,","page_268.xml","page_268.xml","page_268.xml"
"Baldo_Cons_Print_Venice_1575_v5","504","CCCCCIIII","CONSILIVM CCCCCIIII.","1","Verbum, instituo, in secudo gradu positum ponitur pro substituo. Clausula codici…","page_268.xml","page_269.xml","page_268.xml; page_269.xml"
"Baldo_Cons_Print_Venice_1575_v5","505","CCCCCV","CONSILIVM CCCCCV.","1","Dom inds magnanimus audito, quod inter nobiles de Criuellis, et dominum Antoniol…","page_269.xml","page_270.xml","page_269.xml; page_270.xml"
"Baldo_Cons_Print_Venice_1575_v5","506","CCCCCVI","CONSILIVM CCCCCVI.","1","praesumatur fecisse cum consensu patris. Dominus adhaerens alteri maiori an vide…","page_270.xml","page_271.xml","page_270.xml; page_271.xml"
"Baldo_Cons_Print_Venice_1575_v5","507","CCCCCVII","CONSILIVM CCCCCVII.","1","Prohibitio facta de vno, uidetur etiam facta de vno alio simili. Seruitia debita…","page_271.xml","page_271.xml","page_271.xml"
"Baldo_Cons_Print_Venice_1575_v5","508","CCCCCVIII","CONSILIVM CCCCCVIII.","1","Per instrumentum an probetur possessio. Quid sit custodia. officialis noo dicitu…","page_271.xml","page_272.xml","page_271.xml; page_272.xml"
"Baldo_Cons_Print_Venice_1575_v5","509","CCCCCIX","CONSILIVM CCCCCIX.","1","Arbiter, nitor, atque compositor ita sumptus, videli cet quod quicquid dicet, fa…","page_272.xml","page_273.xml","page_272.xml; page_273.xml"
"Baldo_Cons_Print_Venice_1575_v5","510","CCCCCX","CONSILIVM CCCCCX.","1","SCr IIIS in possessionem secundum formam l. edicto. C. de edic. di. Adria. et pr…","page_273.xml","page_273.xml","page_273.xml"
"Baldo_Cons_Print_Venice_1575_v5","511","CCCCCXI","CONSILIVM CCCCCXI.","1","Quida ginta anni, et vltra, titulo permutationis, et cambii transtulit quasdam p…","page_273.xml","page_274.xml","page_273.xml; page_274.xml"
"Baldo_Cons_Print_Venice_1575_v5","512","CCCCCXII","CONSILIVM CCCCCXII.","1","Factum tale est, obtinuita Vicatio Potestatis Papiae emanationem praecepti facti…","page_274.xml","page_274.xml","page_274.xml"
"Baldo_Cons_Print_Venice_1575_v5","513","CCCCCXIII","CONSILIVM CCCCCXIII.","1","† et creditor in executione diffinitiuae vendiIdCX, derunt rem acceptam primo de…","page_274.xml","page_275.xml","page_274.xml; page_275.xml"
"Baldo_Cons_Print_Venice_1575_v5","514","CCCCCXIIII","CONSILIVM CCCCCXIIII .","1","Ad euidentiam n inuentatio haeredis nondebent describi aliae res, quam res, quae…","page_275.xml","page_275.xml","page_275.xml"
"Baldo_Cons_Print_Venice_1575_v5","515","CCCCCXV","CONSILIVM CCCCCXV.","1","Quidarum ipsum interfecerit P. an G. quia vterque fugam arripuit, licet postea d…","page_275.xml","page_276.xml","page_275.xml; page_276.xml"
"Baldo_Cons_Print_Venice_1575_v5","516","CCCCCXVI","CONSILIVM CCCCCXVI.I","1","CAlus talis le. conueniretur super ratione reddenda post multas sententias varia…","page_276.xml","page_276.xml","page_276.xml"
"Baldo_Cons_Print_Venice_1575_v5","517","CCCCCXVII","CONSILIVM CCCCCXVII.","1","Post diuersa tis vittutum, emanauit quoddim vlti. rescriptum super quadam causa,…","page_276.xml","page_277.xml","page_276.xml; page_277.xml"
"Baldo_Cons_Print_Venice_1575_v5","518","CCCCCXVIII","CONSILIVM CCCCCXVIII.","1","consuetudo in castro distigii, quod nonI dlis es tu nullae possessiones singulat…","page_277.xml","page_278.xml","page_277.xml; page_278.xml"
